"","features","non_status_significant_exclude","batch_exclude","cell_count_exclude","non_specific_exclude","treatment_time_exclude","final_signature","dataset"
"1","Cells_AreaShape_Compactness",FALSE,FALSE,FALSE,TRUE,FALSE,FALSE,"bortezomib"
"2","Cells_AreaShape_Eccentricity",TRUE,FALSE,TRUE,TRUE,FALSE,FALSE,"bortezomib"
"3","Cells_AreaShape_Extent",FALSE,FALSE,FALSE,TRUE,FALSE,FALSE,"bortezomib"
"4","Cells_AreaShape_FormFactor",FALSE,FALSE,TRUE,TRUE,FALSE,FALSE,"bortezomib"
"5","Cells_AreaShape_MeanRadius",TRUE,FALSE,FALSE,TRUE,FALSE,FALSE,"bortezomib"
"6","Cells_AreaShape_MedianRadius",TRUE,FALSE,FALSE,TRUE,FALSE,FALSE,"bortezomib"
"7","Cells_AreaShape_Orientation",TRUE,FALSE,FALSE,FALSE,FALSE,FALSE,"bortezomib"
"8","Cells_AreaShape_Solidity",FALSE,FALSE,TRUE,TRUE,FALSE,FALSE,"bortezomib"
"9","Cells_AreaShape_Zernike_0_0",FALSE,FALSE,FALSE,TRUE,FALSE,FALSE,"bortezomib"
"10","Cells_AreaShape_Zernike_1_1",TRUE,FALSE,FALSE,FALSE,FALSE,FALSE,"bortezomib"
"11","Cells_AreaShape_Zernike_2_0",FALSE,FALSE,TRUE,TRUE,FALSE,FALSE,"bortezomib"
"12","Cells_AreaShape_Zernike_2_2",TRUE,FALSE,FALSE,TRUE,FALSE,FALSE,"bortezomib"
"13","Cells_AreaShape_Zernike_3_1",FALSE,FALSE,FALSE,TRUE,FALSE,FALSE,"bortezomib"
"14","Cells_AreaShape_Zernike_3_3",TRUE,FALSE,FALSE,FALSE,FALSE,FALSE,"bortezomib"
"15","Cells_AreaShape_Zernike_4_0",FALSE,FALSE,TRUE,TRUE,FALSE,FALSE,"bortezomib"
"16","Cells_AreaShape_Zernike_4_2",FALSE,FALSE,FALSE,FALSE,FALSE,TRUE,"bortezomib"
"17","Cells_AreaShape_Zernike_4_4",TRUE,FALSE,TRUE,TRUE,FALSE,FALSE,"bortezomib"
"18","Cells_AreaShape_Zernike_5_1",TRUE,FALSE,FALSE,FALSE,FALSE,FALSE,"bortezomib"
"19","Cells_AreaShape_Zernike_5_3",FALSE,FALSE,FALSE,TRUE,FALSE,FALSE,"bortezomib"
"20","Cells_AreaShape_Zernike_5_5",TRUE,FALSE,FALSE,TRUE,FALSE,FALSE,"bortezomib"
"21","Cells_AreaShape_Zernike_6_0",TRUE,FALSE,TRUE,TRUE,FALSE,FALSE,"bortezomib"
"22","Cells_AreaShape_Zernike_6_2",TRUE,FALSE,FALSE,FALSE,FALSE,FALSE,"bortezomib"
"23","Cells_AreaShape_Zernike_6_4",FALSE,FALSE,FALSE,TRUE,FALSE,FALSE,"bortezomib"
"24","Cells_AreaShape_Zernike_6_6",TRUE,FALSE,TRUE,FALSE,FALSE,FALSE,"bortezomib"
"25","Cells_AreaShape_Zernike_7_1",TRUE,FALSE,FALSE,FALSE,FALSE,FALSE,"bortezomib"
"26","Cells_AreaShape_Zernike_7_3",TRUE,FALSE,FALSE,FALSE,FALSE,FALSE,"bortezomib"
"27","Cells_AreaShape_Zernike_7_5",FALSE,FALSE,TRUE,TRUE,FALSE,FALSE,"bortezomib"
"28","Cells_AreaShape_Zernike_7_7",TRUE,FALSE,FALSE,FALSE,FALSE,FALSE,"bortezomib"
"29","Cells_AreaShape_Zernike_8_0",TRUE,FALSE,FALSE,FALSE,FALSE,FALSE,"bortezomib"
"30","Cells_AreaShape_Zernike_8_2",TRUE,FALSE,FALSE,FALSE,FALSE,FALSE,"bortezomib"
"31","Cells_AreaShape_Zernike_8_4",TRUE,FALSE,FALSE,FALSE,FALSE,FALSE,"bortezomib"
"32","Cells_AreaShape_Zernike_8_6",FALSE,FALSE,FALSE,TRUE,FALSE,FALSE,"bortezomib"
"33","Cells_AreaShape_Zernike_8_8",TRUE,FALSE,FALSE,TRUE,FALSE,FALSE,"bortezomib"
"34","Cells_AreaShape_Zernike_9_1",TRUE,FALSE,FALSE,FALSE,FALSE,FALSE,"bortezomib"
"35","Cells_AreaShape_Zernike_9_3",TRUE,FALSE,FALSE,FALSE,FALSE,FALSE,"bortezomib"
"36","Cells_AreaShape_Zernike_9_5",FALSE,FALSE,FALSE,TRUE,FALSE,FALSE,"bortezomib"
"37","Cells_AreaShape_Zernike_9_7",FALSE,FALSE,TRUE,TRUE,FALSE,FALSE,"bortezomib"
"38","Cells_AreaShape_Zernike_9_9",TRUE,FALSE,FALSE,TRUE,FALSE,FALSE,"bortezomib"
"39","Cells_Correlation_Correlation_DNA_AGP",FALSE,FALSE,TRUE,TRUE,FALSE,FALSE,"bortezomib"
"40","Cells_Correlation_Correlation_DNA_ER",FALSE,FALSE,TRUE,TRUE,FALSE,FALSE,"bortezomib"
"41","Cells_Correlation_Correlation_DNA_Mito",FALSE,FALSE,FALSE,TRUE,FALSE,FALSE,"bortezomib"
"42","Cells_Correlation_Correlation_DNA_RNA",FALSE,FALSE,TRUE,TRUE,FALSE,FALSE,"bortezomib"
"43","Cells_Correlation_Correlation_ER_AGP",TRUE,FALSE,FALSE,TRUE,FALSE,FALSE,"bortezomib"
"44","Cells_Correlation_Correlation_ER_RNA",FALSE,FALSE,TRUE,TRUE,FALSE,FALSE,"bortezomib"
"45","Cells_Correlation_Correlation_Mito_AGP",TRUE,FALSE,FALSE,TRUE,FALSE,FALSE,"bortezomib"
"46","Cells_Correlation_Correlation_Mito_ER",TRUE,FALSE,FALSE,TRUE,FALSE,FALSE,"bortezomib"
"47","Cells_Correlation_Correlation_Mito_RNA",FALSE,FALSE,FALSE,TRUE,FALSE,FALSE,"bortezomib"
"48","Cells_Correlation_Correlation_RNA_AGP",TRUE,FALSE,FALSE,TRUE,FALSE,FALSE,"bortezomib"
"49","Cells_Correlation_Costes_DNA_Mito",TRUE,FALSE,FALSE,FALSE,FALSE,FALSE,"bortezomib"
"50","Cells_Correlation_K_AGP_DNA",TRUE,FALSE,FALSE,FALSE,FALSE,FALSE,"bortezomib"
"51","Cells_Correlation_K_AGP_ER",FALSE,FALSE,TRUE,TRUE,FALSE,FALSE,"bortezomib"
"52","Cells_Correlation_K_DNA_AGP",FALSE,FALSE,FALSE,FALSE,FALSE,TRUE,"bortezomib"
"53","Cells_Correlation_K_DNA_ER",TRUE,FALSE,FALSE,FALSE,FALSE,FALSE,"bortezomib"
"54","Cells_Correlation_K_DNA_Mito",FALSE,FALSE,TRUE,FALSE,FALSE,FALSE,"bortezomib"
"55","Cells_Correlation_K_DNA_RNA",TRUE,FALSE,FALSE,FALSE,FALSE,FALSE,"bortezomib"
"56","Cells_Correlation_K_ER_AGP",FALSE,FALSE,TRUE,TRUE,FALSE,FALSE,"bortezomib"
"57","Cells_Correlation_K_ER_DNA",TRUE,FALSE,FALSE,FALSE,FALSE,FALSE,"bortezomib"
"58","Cells_Correlation_K_ER_RNA",TRUE,FALSE,FALSE,FALSE,FALSE,FALSE,"bortezomib"
"59","Cells_Correlation_K_Mito_DNA",FALSE,FALSE,TRUE,FALSE,FALSE,FALSE,"bortezomib"
"60","Cells_Correlation_K_RNA_DNA",TRUE,FALSE,FALSE,FALSE,FALSE,FALSE,"bortezomib"
"61","Cells_Correlation_K_RNA_ER",TRUE,FALSE,FALSE,FALSE,FALSE,FALSE,"bortezomib"
"62","Cells_Correlation_Manders_AGP_DNA",TRUE,FALSE,FALSE,TRUE,FALSE,FALSE,"bortezomib"
"63","Cells_Correlation_Manders_AGP_RNA",FALSE,FALSE,TRUE,TRUE,FALSE,FALSE,"bortezomib"
"64","Cells_Correlation_Manders_DNA_Mito",TRUE,FALSE,FALSE,FALSE,FALSE,FALSE,"bortezomib"
"65","Cells_Correlation_Manders_ER_AGP",TRUE,FALSE,FALSE,FALSE,FALSE,FALSE,"bortezomib"
"66","Cells_Correlation_Manders_ER_DNA",TRUE,FALSE,FALSE,TRUE,FALSE,FALSE,"bortezomib"
"67","Cells_Correlation_Manders_ER_Mito",TRUE,FALSE,TRUE,FALSE,FALSE,FALSE,"bortezomib"
"68","Cells_Correlation_Manders_ER_RNA",TRUE,FALSE,FALSE,FALSE,FALSE,FALSE,"bortezomib"
"69","Cells_Correlation_Manders_Mito_AGP",TRUE,FALSE,FALSE,FALSE,FALSE,FALSE,"bortezomib"
"70","Cells_Correlation_Manders_Mito_DNA",TRUE,FALSE,FALSE,TRUE,FALSE,FALSE,"bortezomib"
"71","Cells_Correlation_Manders_Mito_ER",FALSE,FALSE,FALSE,FALSE,FALSE,TRUE,"bortezomib"
"72","Cells_Correlation_Manders_Mito_RNA",FALSE,FALSE,FALSE,FALSE,FALSE,TRUE,"bortezomib"
"73","Cells_Correlation_Manders_RNA_AGP",TRUE,FALSE,FALSE,FALSE,FALSE,FALSE,"bortezomib"
"74","Cells_Correlation_Manders_RNA_ER",FALSE,FALSE,TRUE,TRUE,FALSE,FALSE,"bortezomib"
"75","Cells_Correlation_Manders_RNA_Mito",TRUE,FALSE,TRUE,FALSE,FALSE,FALSE,"bortezomib"
"76","Cells_Correlation_Overlap_DNA_AGP",TRUE,FALSE,FALSE,FALSE,FALSE,FALSE,"bortezomib"
"77","Cells_Correlation_Overlap_DNA_ER",FALSE,FALSE,FALSE,TRUE,FALSE,FALSE,"bortezomib"
"78","Cells_Correlation_Overlap_DNA_Mito",FALSE,FALSE,FALSE,TRUE,FALSE,FALSE,"bortezomib"
"79","Cells_Correlation_Overlap_DNA_RNA",FALSE,FALSE,FALSE,TRUE,FALSE,FALSE,"bortezomib"
"80","Cells_Correlation_Overlap_ER_AGP",FALSE,FALSE,FALSE,TRUE,FALSE,FALSE,"bortezomib"
"81","Cells_Correlation_Overlap_ER_RNA",TRUE,FALSE,FALSE,TRUE,FALSE,FALSE,"bortezomib"
"82","Cells_Correlation_Overlap_Mito_AGP",TRUE,FALSE,TRUE,FALSE,FALSE,FALSE,"bortezomib"
"83","Cells_Correlation_Overlap_Mito_ER",TRUE,FALSE,TRUE,FALSE,FALSE,FALSE,"bortezomib"
"84","Cells_Correlation_Overlap_RNA_AGP",FALSE,FALSE,FALSE,TRUE,FALSE,FALSE,"bortezomib"
"85","Cells_Correlation_RWC_AGP_DNA",TRUE,FALSE,FALSE,TRUE,FALSE,FALSE,"bortezomib"
"86","Cells_Correlation_RWC_AGP_ER",FALSE,FALSE,FALSE,TRUE,FALSE,FALSE,"bortezomib"
"87","Cells_Correlation_RWC_AGP_Mito",TRUE,FALSE,TRUE,FALSE,FALSE,FALSE,"bortezomib"
"88","Cells_Correlation_RWC_AGP_RNA",TRUE,FALSE,FALSE,FALSE,FALSE,FALSE,"bortezomib"
"89","Cells_Correlation_RWC_DNA_AGP",FALSE,FALSE,TRUE,TRUE,FALSE,FALSE,"bortezomib"
"90","Cells_Correlation_RWC_DNA_ER",FALSE,FALSE,TRUE,TRUE,FALSE,FALSE,"bortezomib"
"91","Cells_Correlation_RWC_DNA_Mito",FALSE,FALSE,FALSE,TRUE,FALSE,FALSE,"bortezomib"
"92","Cells_Correlation_RWC_DNA_RNA",FALSE,FALSE,TRUE,TRUE,FALSE,FALSE,"bortezomib"
"93","Cells_Correlation_RWC_ER_AGP",TRUE,FALSE,FALSE,TRUE,FALSE,FALSE,"bortezomib"
"94","Cells_Correlation_RWC_ER_DNA",FALSE,FALSE,FALSE,TRUE,FALSE,FALSE,"bortezomib"
"95","Cells_Correlation_RWC_ER_Mito",TRUE,FALSE,FALSE,FALSE,FALSE,FALSE,"bortezomib"
"96","Cells_Correlation_RWC_ER_RNA",TRUE,FALSE,TRUE,TRUE,FALSE,FALSE,"bortezomib"
"97","Cells_Correlation_RWC_Mito_AGP",TRUE,FALSE,FALSE,TRUE,FALSE,FALSE,"bortezomib"
"98","Cells_Correlation_RWC_Mito_DNA",FALSE,FALSE,FALSE,TRUE,FALSE,FALSE,"bortezomib"
"99","Cells_Correlation_RWC_Mito_ER",TRUE,FALSE,FALSE,FALSE,FALSE,FALSE,"bortezomib"
"100","Cells_Correlation_RWC_Mito_RNA",TRUE,FALSE,FALSE,FALSE,FALSE,FALSE,"bortezomib"
"101","Cells_Correlation_RWC_RNA_AGP",TRUE,FALSE,FALSE,TRUE,FALSE,FALSE,"bortezomib"
"102","Cells_Correlation_RWC_RNA_DNA",TRUE,FALSE,FALSE,TRUE,FALSE,FALSE,"bortezomib"
"103","Cells_Correlation_RWC_RNA_ER",TRUE,FALSE,FALSE,TRUE,FALSE,FALSE,"bortezomib"
"104","Cells_Correlation_RWC_RNA_Mito",TRUE,FALSE,FALSE,TRUE,FALSE,FALSE,"bortezomib"
"105","Cells_Granularity_16_Mito",TRUE,FALSE,FALSE,FALSE,FALSE,FALSE,"bortezomib"
"106","Cells_Granularity_2_AGP",FALSE,FALSE,TRUE,TRUE,FALSE,FALSE,"bortezomib"
"107","Cells_Granularity_2_ER",FALSE,FALSE,FALSE,TRUE,FALSE,FALSE,"bortezomib"
"108","Cells_Granularity_2_Mito",TRUE,FALSE,TRUE,FALSE,FALSE,FALSE,"bortezomib"
"109","Cells_Granularity_3_Mito",FALSE,FALSE,TRUE,TRUE,FALSE,FALSE,"bortezomib"
"110","Cells_Granularity_4_Mito",FALSE,FALSE,TRUE,TRUE,FALSE,FALSE,"bortezomib"
"111","Cells_Intensity_IntegratedIntensityEdge_AGP",FALSE,FALSE,FALSE,TRUE,FALSE,FALSE,"bortezomib"
"112","Cells_Intensity_IntegratedIntensityEdge_Mito",TRUE,FALSE,FALSE,TRUE,FALSE,FALSE,"bortezomib"
"113","Cells_Intensity_IntegratedIntensityEdge_RNA",FALSE,FALSE,TRUE,TRUE,FALSE,FALSE,"bortezomib"
"114","Cells_Intensity_IntegratedIntensity_AGP",TRUE,FALSE,FALSE,FALSE,FALSE,FALSE,"bortezomib"
"115","Cells_Intensity_IntegratedIntensity_DNA",FALSE,FALSE,FALSE,FALSE,FALSE,TRUE,"bortezomib"
"116","Cells_Intensity_IntegratedIntensity_ER",FALSE,FALSE,FALSE,TRUE,FALSE,FALSE,"bortezomib"
"117","Cells_Intensity_IntegratedIntensity_Mito",TRUE,FALSE,TRUE,FALSE,FALSE,FALSE,"bortezomib"
"118","Cells_Intensity_IntegratedIntensity_RNA",TRUE,FALSE,FALSE,FALSE,FALSE,FALSE,"bortezomib"
"119","Cells_Intensity_LowerQuartileIntensity_Mito",TRUE,FALSE,FALSE,TRUE,FALSE,FALSE,"bortezomib"
"120","Cells_Intensity_MADIntensity_DNA",TRUE,FALSE,FALSE,TRUE,FALSE,FALSE,"bortezomib"
"121","Cells_Intensity_MassDisplacement_AGP",TRUE,FALSE,TRUE,TRUE,FALSE,FALSE,"bortezomib"
"122","Cells_Intensity_MassDisplacement_DNA",FALSE,FALSE,FALSE,TRUE,FALSE,FALSE,"bortezomib"
"123","Cells_Intensity_MassDisplacement_Mito",TRUE,FALSE,TRUE,FALSE,FALSE,FALSE,"bortezomib"
"124","Cells_Intensity_MassDisplacement_RNA",TRUE,FALSE,TRUE,TRUE,FALSE,FALSE,"bortezomib"
"125","Cells_Intensity_MaxIntensityEdge_AGP",TRUE,FALSE,TRUE,TRUE,FALSE,FALSE,"bortezomib"
"126","Cells_Intensity_MeanIntensityEdge_AGP",TRUE,FALSE,FALSE,TRUE,FALSE,FALSE,"bortezomib"
"127","Cells_Intensity_MeanIntensityEdge_Mito",TRUE,FALSE,FALSE,TRUE,FALSE,FALSE,"bortezomib"
"128","Cells_Intensity_MeanIntensityEdge_RNA",FALSE,FALSE,FALSE,TRUE,FALSE,FALSE,"bortezomib"
"129","Cells_Intensity_MedianIntensity_DNA",FALSE,FALSE,FALSE,TRUE,FALSE,FALSE,"bortezomib"
"130","Cells_Intensity_MedianIntensity_ER",TRUE,FALSE,FALSE,TRUE,FALSE,FALSE,"bortezomib"
"131","Cells_Intensity_MedianIntensity_Mito",TRUE,FALSE,TRUE,TRUE,FALSE,FALSE,"bortezomib"
"132","Cells_Intensity_StdIntensityEdge_ER",TRUE,FALSE,FALSE,TRUE,FALSE,FALSE,"bortezomib"
"133","Cells_Neighbors_AngleBetweenNeighbors_10",FALSE,FALSE,TRUE,TRUE,FALSE,FALSE,"bortezomib"
"134","Cells_Neighbors_FirstClosestDistance_10",TRUE,FALSE,FALSE,TRUE,FALSE,FALSE,"bortezomib"
"135","Cells_Neighbors_NumberOfNeighbors_10",FALSE,FALSE,TRUE,TRUE,FALSE,FALSE,"bortezomib"
"136","Cells_Neighbors_PercentTouching_10",FALSE,FALSE,TRUE,TRUE,FALSE,FALSE,"bortezomib"
"137","Cells_RadialDistribution_FracAtD_DNA_1of4",FALSE,FALSE,TRUE,TRUE,FALSE,FALSE,"bortezomib"
"138","Cells_RadialDistribution_FracAtD_DNA_3of4",FALSE,FALSE,TRUE,TRUE,FALSE,FALSE,"bortezomib"
"139","Cells_RadialDistribution_FracAtD_ER_1of4",FALSE,FALSE,TRUE,TRUE,FALSE,FALSE,"bortezomib"
"140","Cells_RadialDistribution_MeanFrac_DNA_2of4",FALSE,FALSE,TRUE,TRUE,FALSE,FALSE,"bortezomib"
"141","Cells_RadialDistribution_MeanFrac_DNA_3of4",TRUE,FALSE,FALSE,TRUE,FALSE,FALSE,"bortezomib"
"142","Cells_RadialDistribution_MeanFrac_DNA_4of4",FALSE,FALSE,TRUE,TRUE,FALSE,FALSE,"bortezomib"
"143","Cells_RadialDistribution_MeanFrac_ER_1of4",FALSE,FALSE,TRUE,TRUE,FALSE,FALSE,"bortezomib"
"144","Cells_RadialDistribution_MeanFrac_ER_4of4",FALSE,FALSE,TRUE,TRUE,FALSE,FALSE,"bortezomib"
"145","Cells_RadialDistribution_MeanFrac_Mito_1of4",FALSE,FALSE,TRUE,TRUE,FALSE,FALSE,"bortezomib"
"146","Cells_RadialDistribution_MeanFrac_Mito_3of4",FALSE,FALSE,TRUE,TRUE,FALSE,FALSE,"bortezomib"
"147","Cells_RadialDistribution_RadialCV_AGP_1of4",FALSE,FALSE,TRUE,FALSE,FALSE,FALSE,"bortezomib"
"148","Cells_RadialDistribution_RadialCV_AGP_2of4",FALSE,FALSE,TRUE,FALSE,FALSE,FALSE,"bortezomib"
"149","Cells_RadialDistribution_RadialCV_AGP_3of4",FALSE,FALSE,TRUE,FALSE,FALSE,FALSE,"bortezomib"
"150","Cells_RadialDistribution_RadialCV_DNA_1of4",TRUE,FALSE,FALSE,FALSE,FALSE,FALSE,"bortezomib"
"151","Cells_RadialDistribution_RadialCV_DNA_2of4",TRUE,FALSE,FALSE,FALSE,FALSE,FALSE,"bortezomib"
"152","Cells_RadialDistribution_RadialCV_DNA_3of4",FALSE,FALSE,FALSE,TRUE,FALSE,FALSE,"bortezomib"
"153","Cells_RadialDistribution_RadialCV_DNA_4of4",FALSE,FALSE,TRUE,TRUE,FALSE,FALSE,"bortezomib"
"154","Cells_RadialDistribution_RadialCV_ER_1of4",FALSE,FALSE,FALSE,TRUE,FALSE,FALSE,"bortezomib"
"155","Cells_RadialDistribution_RadialCV_ER_2of4",FALSE,FALSE,FALSE,FALSE,FALSE,TRUE,"bortezomib"
"156","Cells_RadialDistribution_RadialCV_ER_3of4",FALSE,FALSE,TRUE,TRUE,FALSE,FALSE,"bortezomib"
"157","Cells_RadialDistribution_RadialCV_ER_4of4",FALSE,FALSE,TRUE,TRUE,FALSE,FALSE,"bortezomib"
"158","Cells_RadialDistribution_RadialCV_Mito_1of4",FALSE,FALSE,FALSE,FALSE,FALSE,TRUE,"bortezomib"
"159","Cells_RadialDistribution_RadialCV_Mito_2of4",FALSE,FALSE,FALSE,TRUE,FALSE,FALSE,"bortezomib"
"160","Cells_RadialDistribution_RadialCV_Mito_3of4",FALSE,FALSE,TRUE,FALSE,FALSE,FALSE,"bortezomib"
"161","Cells_RadialDistribution_RadialCV_RNA_1of4",FALSE,FALSE,FALSE,TRUE,FALSE,FALSE,"bortezomib"
"162","Cells_RadialDistribution_RadialCV_RNA_2of4",FALSE,FALSE,FALSE,FALSE,FALSE,TRUE,"bortezomib"
"163","Cells_RadialDistribution_RadialCV_RNA_3of4",FALSE,FALSE,TRUE,FALSE,FALSE,FALSE,"bortezomib"
"164","Cells_Texture_AngularSecondMoment_DNA_5_00",TRUE,FALSE,FALSE,TRUE,FALSE,FALSE,"bortezomib"
"165","Cells_Texture_AngularSecondMoment_ER_20_03",FALSE,FALSE,FALSE,TRUE,FALSE,FALSE,"bortezomib"
"166","Cells_Texture_Correlation_AGP_10_00",TRUE,FALSE,FALSE,TRUE,FALSE,FALSE,"bortezomib"
"167","Cells_Texture_Correlation_AGP_10_01",FALSE,FALSE,FALSE,TRUE,FALSE,FALSE,"bortezomib"
"168","Cells_Texture_Correlation_AGP_10_02",TRUE,FALSE,FALSE,TRUE,FALSE,FALSE,"bortezomib"
"169","Cells_Texture_Correlation_AGP_10_03",FALSE,FALSE,FALSE,TRUE,FALSE,FALSE,"bortezomib"
"170","Cells_Texture_Correlation_AGP_20_00",FALSE,FALSE,FALSE,TRUE,FALSE,FALSE,"bortezomib"
"171","Cells_Texture_Correlation_AGP_20_01",FALSE,FALSE,FALSE,TRUE,FALSE,FALSE,"bortezomib"
"172","Cells_Texture_Correlation_AGP_20_02",FALSE,FALSE,FALSE,TRUE,FALSE,FALSE,"bortezomib"
"173","Cells_Texture_Correlation_AGP_20_03",FALSE,FALSE,FALSE,TRUE,FALSE,FALSE,"bortezomib"
"174","Cells_Texture_Correlation_AGP_5_00",TRUE,FALSE,FALSE,FALSE,FALSE,FALSE,"bortezomib"
"175","Cells_Texture_Correlation_AGP_5_01",TRUE,FALSE,FALSE,TRUE,FALSE,FALSE,"bortezomib"
"176","Cells_Texture_Correlation_AGP_5_02",TRUE,FALSE,FALSE,FALSE,FALSE,FALSE,"bortezomib"
"177","Cells_Texture_Correlation_AGP_5_03",TRUE,FALSE,FALSE,FALSE,FALSE,FALSE,"bortezomib"
"178","Cells_Texture_Correlation_DNA_5_00",FALSE,TRUE,FALSE,TRUE,FALSE,FALSE,"bortezomib"
"179","Cells_Texture_Correlation_ER_10_00",TRUE,FALSE,FALSE,TRUE,FALSE,FALSE,"bortezomib"
"180","Cells_Texture_Correlation_ER_10_01",TRUE,FALSE,FALSE,TRUE,FALSE,FALSE,"bortezomib"
"181","Cells_Texture_Correlation_ER_10_02",TRUE,FALSE,FALSE,TRUE,FALSE,FALSE,"bortezomib"
"182","Cells_Texture_Correlation_ER_10_03",TRUE,FALSE,FALSE,TRUE,FALSE,FALSE,"bortezomib"
"183","Cells_Texture_Correlation_ER_20_02",FALSE,FALSE,FALSE,TRUE,FALSE,FALSE,"bortezomib"
"184","Cells_Texture_Correlation_ER_5_00",TRUE,FALSE,FALSE,TRUE,FALSE,FALSE,"bortezomib"
"185","Cells_Texture_Correlation_ER_5_01",TRUE,FALSE,FALSE,TRUE,FALSE,FALSE,"bortezomib"
"186","Cells_Texture_Correlation_ER_5_02",TRUE,FALSE,FALSE,TRUE,FALSE,FALSE,"bortezomib"
"187","Cells_Texture_Correlation_ER_5_03",TRUE,FALSE,FALSE,TRUE,FALSE,FALSE,"bortezomib"
"188","Cells_Texture_Correlation_Mito_10_00",FALSE,FALSE,FALSE,FALSE,FALSE,TRUE,"bortezomib"
"189","Cells_Texture_Correlation_Mito_10_01",FALSE,FALSE,FALSE,TRUE,FALSE,FALSE,"bortezomib"
"190","Cells_Texture_Correlation_Mito_10_02",FALSE,FALSE,FALSE,FALSE,FALSE,TRUE,"bortezomib"
"191","Cells_Texture_Correlation_Mito_10_03",FALSE,FALSE,FALSE,TRUE,FALSE,FALSE,"bortezomib"
"192","Cells_Texture_Correlation_Mito_20_00",FALSE,FALSE,FALSE,TRUE,FALSE,FALSE,"bortezomib"
"193","Cells_Texture_Correlation_Mito_20_01",FALSE,FALSE,FALSE,TRUE,FALSE,FALSE,"bortezomib"
"194","Cells_Texture_Correlation_Mito_20_02",FALSE,FALSE,FALSE,TRUE,FALSE,FALSE,"bortezomib"
"195","Cells_Texture_Correlation_Mito_20_03",FALSE,FALSE,FALSE,TRUE,FALSE,FALSE,"bortezomib"
"196","Cells_Texture_Correlation_Mito_5_00",TRUE,FALSE,FALSE,FALSE,FALSE,FALSE,"bortezomib"
"197","Cells_Texture_Correlation_Mito_5_01",TRUE,FALSE,FALSE,FALSE,FALSE,FALSE,"bortezomib"
"198","Cells_Texture_Correlation_Mito_5_03",TRUE,FALSE,FALSE,FALSE,FALSE,FALSE,"bortezomib"
"199","Cells_Texture_Correlation_RNA_10_00",TRUE,FALSE,FALSE,TRUE,FALSE,FALSE,"bortezomib"
"200","Cells_Texture_Correlation_RNA_10_01",FALSE,FALSE,FALSE,TRUE,FALSE,FALSE,"bortezomib"
"201","Cells_Texture_Correlation_RNA_10_02",TRUE,FALSE,FALSE,TRUE,FALSE,FALSE,"bortezomib"
"202","Cells_Texture_Correlation_RNA_10_03",FALSE,FALSE,FALSE,TRUE,FALSE,FALSE,"bortezomib"
"203","Cells_Texture_Correlation_RNA_5_00",TRUE,FALSE,FALSE,FALSE,FALSE,FALSE,"bortezomib"
"204","Cells_Texture_Correlation_RNA_5_01",TRUE,FALSE,FALSE,FALSE,FALSE,FALSE,"bortezomib"
"205","Cells_Texture_Correlation_RNA_5_02",TRUE,FALSE,FALSE,FALSE,FALSE,FALSE,"bortezomib"
"206","Cells_Texture_Correlation_RNA_5_03",TRUE,FALSE,FALSE,TRUE,FALSE,FALSE,"bortezomib"
"207","Cells_Texture_Entropy_DNA_20_03",TRUE,FALSE,FALSE,TRUE,FALSE,FALSE,"bortezomib"
"208","Cells_Texture_Entropy_ER_20_01",FALSE,FALSE,FALSE,TRUE,FALSE,FALSE,"bortezomib"
"209","Cells_Texture_InfoMeas1_AGP_10_00",TRUE,FALSE,FALSE,FALSE,FALSE,FALSE,"bortezomib"
"210","Cells_Texture_InfoMeas1_AGP_10_01",TRUE,FALSE,FALSE,TRUE,FALSE,FALSE,"bortezomib"
"211","Cells_Texture_InfoMeas1_AGP_20_00",TRUE,FALSE,FALSE,TRUE,FALSE,FALSE,"bortezomib"
"212","Cells_Texture_InfoMeas1_AGP_5_00",TRUE,FALSE,FALSE,FALSE,FALSE,FALSE,"bortezomib"
"213","Cells_Texture_InfoMeas1_AGP_5_03",TRUE,FALSE,FALSE,FALSE,FALSE,FALSE,"bortezomib"
"214","Cells_Texture_InfoMeas1_DNA_10_00",TRUE,FALSE,FALSE,TRUE,FALSE,FALSE,"bortezomib"
"215","Cells_Texture_InfoMeas1_DNA_10_01",FALSE,FALSE,FALSE,TRUE,FALSE,FALSE,"bortezomib"
"216","Cells_Texture_InfoMeas1_DNA_10_02",FALSE,FALSE,FALSE,TRUE,FALSE,FALSE,"bortezomib"
"217","Cells_Texture_InfoMeas1_DNA_20_00",TRUE,FALSE,FALSE,TRUE,FALSE,FALSE,"bortezomib"
"218","Cells_Texture_InfoMeas1_DNA_20_03",TRUE,FALSE,FALSE,TRUE,FALSE,FALSE,"bortezomib"
"219","Cells_Texture_InfoMeas1_DNA_5_02",TRUE,TRUE,FALSE,TRUE,FALSE,FALSE,"bortezomib"
"220","Cells_Texture_InfoMeas1_DNA_5_03",FALSE,FALSE,FALSE,TRUE,FALSE,FALSE,"bortezomib"
"221","Cells_Texture_InfoMeas1_ER_10_00",TRUE,FALSE,FALSE,TRUE,FALSE,FALSE,"bortezomib"
"222","Cells_Texture_InfoMeas1_ER_10_01",TRUE,FALSE,FALSE,TRUE,FALSE,FALSE,"bortezomib"
"223","Cells_Texture_InfoMeas1_ER_20_00",TRUE,FALSE,FALSE,TRUE,FALSE,FALSE,"bortezomib"
"224","Cells_Texture_InfoMeas1_ER_5_00",TRUE,FALSE,FALSE,FALSE,FALSE,FALSE,"bortezomib"
"225","Cells_Texture_InfoMeas1_ER_5_01",TRUE,FALSE,FALSE,FALSE,FALSE,FALSE,"bortezomib"
"226","Cells_Texture_InfoMeas1_Mito_10_01",TRUE,FALSE,TRUE,FALSE,FALSE,FALSE,"bortezomib"
"227","Cells_Texture_InfoMeas1_Mito_5_02",TRUE,FALSE,FALSE,FALSE,FALSE,FALSE,"bortezomib"
"228","Cells_Texture_InfoMeas1_RNA_10_00",TRUE,FALSE,FALSE,FALSE,FALSE,FALSE,"bortezomib"
"229","Cells_Texture_InfoMeas1_RNA_10_01",TRUE,FALSE,FALSE,TRUE,FALSE,FALSE,"bortezomib"
"230","Cells_Texture_InfoMeas1_RNA_20_02",TRUE,FALSE,FALSE,TRUE,FALSE,FALSE,"bortezomib"
"231","Cells_Texture_InfoMeas1_RNA_5_02",TRUE,FALSE,FALSE,FALSE,FALSE,FALSE,"bortezomib"
"232","Cells_Texture_InfoMeas1_RNA_5_03",TRUE,FALSE,FALSE,FALSE,FALSE,FALSE,"bortezomib"
"233","Cells_Texture_InfoMeas2_AGP_5_02",TRUE,FALSE,FALSE,TRUE,FALSE,FALSE,"bortezomib"
"234","Cells_Texture_InfoMeas2_DNA_10_03",TRUE,FALSE,FALSE,TRUE,FALSE,FALSE,"bortezomib"
"235","Cells_Texture_InfoMeas2_DNA_5_02",FALSE,FALSE,FALSE,FALSE,FALSE,TRUE,"bortezomib"
"236","Cells_Texture_InfoMeas2_ER_5_02",TRUE,FALSE,FALSE,TRUE,FALSE,FALSE,"bortezomib"
"237","Cells_Texture_InfoMeas2_Mito_5_02",TRUE,FALSE,TRUE,TRUE,FALSE,FALSE,"bortezomib"
"238","Cells_Texture_InfoMeas2_RNA_5_02",TRUE,FALSE,FALSE,FALSE,FALSE,FALSE,"bortezomib"
"239","Cells_Texture_InverseDifferenceMoment_DNA_20_03",TRUE,FALSE,FALSE,TRUE,FALSE,FALSE,"bortezomib"
"240","Cells_Texture_SumAverage_DNA_20_01",FALSE,FALSE,FALSE,TRUE,FALSE,FALSE,"bortezomib"
"241","Cytoplasm_AreaShape_Area",TRUE,FALSE,FALSE,TRUE,FALSE,FALSE,"bortezomib"
"242","Cytoplasm_AreaShape_Compactness",TRUE,FALSE,FALSE,TRUE,FALSE,FALSE,"bortezomib"
"243","Cytoplasm_AreaShape_Eccentricity",TRUE,FALSE,TRUE,FALSE,FALSE,FALSE,"bortezomib"
"244","Cytoplasm_AreaShape_MedianRadius",TRUE,FALSE,FALSE,TRUE,FALSE,FALSE,"bortezomib"
"245","Cytoplasm_AreaShape_MinorAxisLength",TRUE,FALSE,FALSE,TRUE,FALSE,FALSE,"bortezomib"
"246","Cytoplasm_AreaShape_Orientation",TRUE,FALSE,FALSE,FALSE,FALSE,FALSE,"bortezomib"
"247","Cytoplasm_AreaShape_Perimeter",FALSE,FALSE,FALSE,TRUE,FALSE,FALSE,"bortezomib"
"248","Cytoplasm_AreaShape_Zernike_0_0",FALSE,FALSE,FALSE,TRUE,FALSE,FALSE,"bortezomib"
"249","Cytoplasm_AreaShape_Zernike_1_1",FALSE,FALSE,FALSE,TRUE,FALSE,FALSE,"bortezomib"
"250","Cytoplasm_AreaShape_Zernike_2_0",TRUE,FALSE,FALSE,TRUE,FALSE,FALSE,"bortezomib"
"251","Cytoplasm_AreaShape_Zernike_2_2",FALSE,FALSE,FALSE,TRUE,FALSE,FALSE,"bortezomib"
"252","Cytoplasm_AreaShape_Zernike_3_1",TRUE,FALSE,TRUE,TRUE,FALSE,FALSE,"bortezomib"
"253","Cytoplasm_AreaShape_Zernike_3_3",TRUE,FALSE,FALSE,FALSE,FALSE,FALSE,"bortezomib"
"254","Cytoplasm_AreaShape_Zernike_4_0",FALSE,FALSE,FALSE,TRUE,FALSE,FALSE,"bortezomib"
"255","Cytoplasm_AreaShape_Zernike_4_2",TRUE,FALSE,FALSE,TRUE,FALSE,FALSE,"bortezomib"
"256","Cytoplasm_AreaShape_Zernike_4_4",FALSE,FALSE,FALSE,TRUE,FALSE,FALSE,"bortezomib"
"257","Cytoplasm_AreaShape_Zernike_5_1",FALSE,FALSE,FALSE,TRUE,FALSE,FALSE,"bortezomib"
"258","Cytoplasm_AreaShape_Zernike_5_3",TRUE,FALSE,TRUE,TRUE,FALSE,FALSE,"bortezomib"
"259","Cytoplasm_AreaShape_Zernike_5_5",TRUE,FALSE,FALSE,FALSE,FALSE,FALSE,"bortezomib"
"260","Cytoplasm_AreaShape_Zernike_6_0",FALSE,FALSE,FALSE,TRUE,FALSE,FALSE,"bortezomib"
"261","Cytoplasm_AreaShape_Zernike_6_2",FALSE,FALSE,FALSE,TRUE,FALSE,FALSE,"bortezomib"
"262","Cytoplasm_AreaShape_Zernike_6_4",TRUE,FALSE,FALSE,TRUE,FALSE,FALSE,"bortezomib"
"263","Cytoplasm_AreaShape_Zernike_6_6",FALSE,FALSE,FALSE,TRUE,FALSE,FALSE,"bortezomib"
"264","Cytoplasm_AreaShape_Zernike_7_1",FALSE,FALSE,FALSE,TRUE,FALSE,FALSE,"bortezomib"
"265","Cytoplasm_AreaShape_Zernike_7_3",TRUE,FALSE,FALSE,TRUE,FALSE,FALSE,"bortezomib"
"266","Cytoplasm_AreaShape_Zernike_7_5",FALSE,FALSE,TRUE,TRUE,FALSE,FALSE,"bortezomib"
"267","Cytoplasm_AreaShape_Zernike_7_7",TRUE,FALSE,FALSE,FALSE,FALSE,FALSE,"bortezomib"
"268","Cytoplasm_AreaShape_Zernike_8_0",FALSE,FALSE,FALSE,TRUE,FALSE,FALSE,"bortezomib"
"269","Cytoplasm_AreaShape_Zernike_8_2",FALSE,FALSE,FALSE,TRUE,FALSE,FALSE,"bortezomib"
"270","Cytoplasm_AreaShape_Zernike_8_4",TRUE,FALSE,FALSE,TRUE,FALSE,FALSE,"bortezomib"
"271","Cytoplasm_AreaShape_Zernike_8_6",TRUE,FALSE,FALSE,TRUE,FALSE,FALSE,"bortezomib"
"272","Cytoplasm_AreaShape_Zernike_8_8",FALSE,FALSE,FALSE,TRUE,FALSE,FALSE,"bortezomib"
"273","Cytoplasm_AreaShape_Zernike_9_1",FALSE,FALSE,FALSE,TRUE,FALSE,FALSE,"bortezomib"
"274","Cytoplasm_AreaShape_Zernike_9_3",TRUE,FALSE,FALSE,TRUE,FALSE,FALSE,"bortezomib"
"275","Cytoplasm_AreaShape_Zernike_9_5",TRUE,FALSE,FALSE,FALSE,FALSE,FALSE,"bortezomib"
"276","Cytoplasm_AreaShape_Zernike_9_7",FALSE,FALSE,FALSE,TRUE,FALSE,FALSE,"bortezomib"
"277","Cytoplasm_AreaShape_Zernike_9_9",TRUE,FALSE,FALSE,FALSE,FALSE,FALSE,"bortezomib"
"278","Cytoplasm_Correlation_Correlation_DNA_AGP",TRUE,FALSE,FALSE,TRUE,FALSE,FALSE,"bortezomib"
"279","Cytoplasm_Correlation_Correlation_DNA_ER",TRUE,FALSE,TRUE,TRUE,FALSE,FALSE,"bortezomib"
"280","Cytoplasm_Correlation_Correlation_DNA_Mito",TRUE,FALSE,FALSE,TRUE,FALSE,FALSE,"bortezomib"
"281","Cytoplasm_Correlation_Correlation_DNA_RNA",TRUE,FALSE,TRUE,TRUE,FALSE,FALSE,"bortezomib"
"282","Cytoplasm_Correlation_Correlation_ER_AGP",TRUE,FALSE,FALSE,TRUE,FALSE,FALSE,"bortezomib"
"283","Cytoplasm_Correlation_Correlation_ER_RNA",TRUE,FALSE,TRUE,TRUE,FALSE,FALSE,"bortezomib"
"284","Cytoplasm_Correlation_Correlation_RNA_AGP",TRUE,FALSE,FALSE,TRUE,FALSE,FALSE,"bortezomib"
"285","Cytoplasm_Correlation_K_AGP_DNA",FALSE,FALSE,FALSE,FALSE,FALSE,TRUE,"bortezomib"
"286","Cytoplasm_Correlation_K_AGP_Mito",TRUE,FALSE,FALSE,FALSE,FALSE,FALSE,"bortezomib"
"287","Cytoplasm_Correlation_K_DNA_AGP",FALSE,FALSE,FALSE,FALSE,FALSE,TRUE,"bortezomib"
"288","Cytoplasm_Correlation_K_DNA_ER",TRUE,FALSE,FALSE,TRUE,FALSE,FALSE,"bortezomib"
"289","Cytoplasm_Correlation_K_DNA_Mito",FALSE,FALSE,TRUE,FALSE,FALSE,FALSE,"bortezomib"
"290","Cytoplasm_Correlation_K_DNA_RNA",TRUE,FALSE,FALSE,FALSE,FALSE,FALSE,"bortezomib"
"291","Cytoplasm_Correlation_K_ER_DNA",TRUE,FALSE,FALSE,FALSE,FALSE,FALSE,"bortezomib"
"292","Cytoplasm_Correlation_K_ER_Mito",FALSE,FALSE,TRUE,FALSE,FALSE,FALSE,"bortezomib"
"293","Cytoplasm_Correlation_K_Mito_AGP",TRUE,FALSE,TRUE,FALSE,FALSE,FALSE,"bortezomib"
"294","Cytoplasm_Correlation_K_Mito_DNA",FALSE,FALSE,TRUE,FALSE,FALSE,FALSE,"bortezomib"
"295","Cytoplasm_Correlation_K_Mito_ER",FALSE,FALSE,TRUE,FALSE,FALSE,FALSE,"bortezomib"
"296","Cytoplasm_Correlation_K_Mito_RNA",TRUE,FALSE,TRUE,FALSE,FALSE,FALSE,"bortezomib"
"297","Cytoplasm_Correlation_K_RNA_DNA",TRUE,FALSE,FALSE,FALSE,FALSE,FALSE,"bortezomib"
"298","Cytoplasm_Correlation_K_RNA_Mito",TRUE,FALSE,TRUE,FALSE,FALSE,FALSE,"bortezomib"
"299","Cytoplasm_Correlation_Manders_AGP_RNA",FALSE,FALSE,TRUE,TRUE,FALSE,FALSE,"bortezomib"
"300","Cytoplasm_Correlation_Manders_DNA_AGP",FALSE,FALSE,FALSE,TRUE,FALSE,FALSE,"bortezomib"
"301","Cytoplasm_Correlation_Manders_DNA_ER",FALSE,FALSE,TRUE,TRUE,FALSE,FALSE,"bortezomib"
"302","Cytoplasm_Correlation_Manders_DNA_Mito",FALSE,FALSE,TRUE,TRUE,FALSE,FALSE,"bortezomib"
"303","Cytoplasm_Correlation_Manders_DNA_RNA",FALSE,FALSE,TRUE,TRUE,FALSE,FALSE,"bortezomib"
"304","Cytoplasm_Correlation_Manders_ER_AGP",FALSE,FALSE,FALSE,FALSE,FALSE,TRUE,"bortezomib"
"305","Cytoplasm_Correlation_Manders_ER_DNA",TRUE,FALSE,FALSE,TRUE,FALSE,FALSE,"bortezomib"
"306","Cytoplasm_Correlation_Manders_ER_RNA",FALSE,FALSE,FALSE,FALSE,FALSE,TRUE,"bortezomib"
"307","Cytoplasm_Correlation_Manders_Mito_AGP",TRUE,FALSE,FALSE,FALSE,FALSE,FALSE,"bortezomib"
"308","Cytoplasm_Correlation_Manders_Mito_DNA",TRUE,FALSE,FALSE,TRUE,FALSE,FALSE,"bortezomib"
"309","Cytoplasm_Correlation_Manders_RNA_AGP",FALSE,FALSE,FALSE,FALSE,FALSE,TRUE,"bortezomib"
"310","Cytoplasm_Correlation_Manders_RNA_DNA",TRUE,FALSE,FALSE,TRUE,FALSE,FALSE,"bortezomib"
"311","Cytoplasm_Correlation_Overlap_DNA_AGP",FALSE,FALSE,FALSE,TRUE,FALSE,FALSE,"bortezomib"
"312","Cytoplasm_Correlation_Overlap_DNA_ER",TRUE,FALSE,FALSE,TRUE,FALSE,FALSE,"bortezomib"
"313","Cytoplasm_Correlation_Overlap_DNA_Mito",TRUE,FALSE,FALSE,FALSE,FALSE,FALSE,"bortezomib"
"314","Cytoplasm_Correlation_Overlap_DNA_RNA",TRUE,FALSE,FALSE,TRUE,FALSE,FALSE,"bortezomib"
"315","Cytoplasm_Correlation_Overlap_ER_AGP",FALSE,FALSE,TRUE,TRUE,FALSE,FALSE,"bortezomib"
"316","Cytoplasm_Correlation_Overlap_ER_RNA",TRUE,FALSE,FALSE,TRUE,FALSE,FALSE,"bortezomib"
"317","Cytoplasm_Correlation_Overlap_Mito_RNA",TRUE,FALSE,FALSE,TRUE,FALSE,FALSE,"bortezomib"
"318","Cytoplasm_Correlation_Overlap_RNA_AGP",FALSE,FALSE,TRUE,TRUE,FALSE,FALSE,"bortezomib"
"319","Cytoplasm_Correlation_RWC_AGP_DNA",TRUE,FALSE,FALSE,TRUE,FALSE,FALSE,"bortezomib"
"320","Cytoplasm_Correlation_RWC_AGP_ER",FALSE,FALSE,TRUE,TRUE,FALSE,FALSE,"bortezomib"
"321","Cytoplasm_Correlation_RWC_AGP_Mito",TRUE,FALSE,TRUE,FALSE,FALSE,FALSE,"bortezomib"
"322","Cytoplasm_Correlation_RWC_AGP_RNA",FALSE,FALSE,TRUE,TRUE,FALSE,FALSE,"bortezomib"
"323","Cytoplasm_Correlation_RWC_DNA_AGP",FALSE,FALSE,FALSE,FALSE,TRUE,FALSE,"bortezomib"
"324","Cytoplasm_Correlation_RWC_DNA_ER",FALSE,FALSE,FALSE,FALSE,FALSE,TRUE,"bortezomib"
"325","Cytoplasm_Correlation_RWC_DNA_Mito",FALSE,FALSE,TRUE,FALSE,FALSE,FALSE,"bortezomib"
"326","Cytoplasm_Correlation_RWC_DNA_RNA",FALSE,FALSE,FALSE,FALSE,FALSE,TRUE,"bortezomib"
"327","Cytoplasm_Correlation_RWC_ER_AGP",TRUE,FALSE,FALSE,TRUE,FALSE,FALSE,"bortezomib"
"328","Cytoplasm_Correlation_RWC_ER_DNA",TRUE,FALSE,FALSE,TRUE,FALSE,FALSE,"bortezomib"
"329","Cytoplasm_Correlation_RWC_ER_Mito",TRUE,FALSE,FALSE,FALSE,FALSE,FALSE,"bortezomib"
"330","Cytoplasm_Correlation_RWC_ER_RNA",TRUE,FALSE,FALSE,TRUE,FALSE,FALSE,"bortezomib"
"331","Cytoplasm_Correlation_RWC_Mito_AGP",TRUE,FALSE,FALSE,TRUE,FALSE,FALSE,"bortezomib"
"332","Cytoplasm_Correlation_RWC_Mito_DNA",TRUE,FALSE,FALSE,TRUE,FALSE,FALSE,"bortezomib"
"333","Cytoplasm_Correlation_RWC_Mito_ER",FALSE,FALSE,FALSE,FALSE,FALSE,TRUE,"bortezomib"
"334","Cytoplasm_Correlation_RWC_Mito_RNA",TRUE,FALSE,FALSE,TRUE,FALSE,FALSE,"bortezomib"
"335","Cytoplasm_Correlation_RWC_RNA_AGP",TRUE,FALSE,FALSE,TRUE,FALSE,FALSE,"bortezomib"
"336","Cytoplasm_Correlation_RWC_RNA_DNA",TRUE,FALSE,FALSE,TRUE,FALSE,FALSE,"bortezomib"
"337","Cytoplasm_Correlation_RWC_RNA_ER",TRUE,FALSE,FALSE,FALSE,FALSE,FALSE,"bortezomib"
"338","Cytoplasm_Correlation_RWC_RNA_Mito",TRUE,FALSE,FALSE,FALSE,FALSE,FALSE,"bortezomib"
"339","Cytoplasm_Granularity_10_Mito",FALSE,FALSE,TRUE,TRUE,FALSE,FALSE,"bortezomib"
"340","Cytoplasm_Granularity_11_ER",FALSE,FALSE,TRUE,FALSE,FALSE,FALSE,"bortezomib"
"341","Cytoplasm_Granularity_11_Mito",FALSE,FALSE,TRUE,TRUE,FALSE,FALSE,"bortezomib"
"342","Cytoplasm_Granularity_12_ER",FALSE,FALSE,TRUE,FALSE,FALSE,FALSE,"bortezomib"
"343","Cytoplasm_Granularity_12_Mito",FALSE,FALSE,TRUE,FALSE,FALSE,FALSE,"bortezomib"
"344","Cytoplasm_Granularity_12_RNA",FALSE,FALSE,TRUE,FALSE,FALSE,FALSE,"bortezomib"
"345","Cytoplasm_Granularity_13_ER",FALSE,FALSE,TRUE,FALSE,FALSE,FALSE,"bortezomib"
"346","Cytoplasm_Granularity_13_Mito",TRUE,FALSE,TRUE,FALSE,FALSE,FALSE,"bortezomib"
"347","Cytoplasm_Granularity_13_RNA",FALSE,FALSE,TRUE,FALSE,FALSE,FALSE,"bortezomib"
"348","Cytoplasm_Granularity_1_ER",TRUE,FALSE,FALSE,TRUE,FALSE,FALSE,"bortezomib"
"349","Cytoplasm_Granularity_1_Mito",TRUE,FALSE,FALSE,TRUE,FALSE,FALSE,"bortezomib"
"350","Cytoplasm_Granularity_2_AGP",FALSE,FALSE,FALSE,FALSE,FALSE,TRUE,"bortezomib"
"351","Cytoplasm_Granularity_2_ER",TRUE,FALSE,FALSE,TRUE,FALSE,FALSE,"bortezomib"
"352","Cytoplasm_Granularity_2_Mito",TRUE,FALSE,FALSE,FALSE,FALSE,FALSE,"bortezomib"
"353","Cytoplasm_Granularity_2_RNA",TRUE,FALSE,FALSE,FALSE,FALSE,FALSE,"bortezomib"
"354","Cytoplasm_Granularity_3_AGP",FALSE,FALSE,TRUE,TRUE,FALSE,FALSE,"bortezomib"
"355","Cytoplasm_Granularity_3_ER",FALSE,FALSE,FALSE,TRUE,FALSE,FALSE,"bortezomib"
"356","Cytoplasm_Granularity_3_Mito",TRUE,FALSE,FALSE,FALSE,FALSE,FALSE,"bortezomib"
"357","Cytoplasm_Granularity_3_RNA",FALSE,FALSE,FALSE,TRUE,FALSE,FALSE,"bortezomib"
"358","Cytoplasm_Granularity_4_AGP",FALSE,FALSE,TRUE,TRUE,FALSE,FALSE,"bortezomib"
"359","Cytoplasm_Granularity_4_ER",FALSE,FALSE,FALSE,TRUE,FALSE,FALSE,"bortezomib"
"360","Cytoplasm_Granularity_4_Mito",FALSE,FALSE,TRUE,TRUE,FALSE,FALSE,"bortezomib"
"361","Cytoplasm_Granularity_4_RNA",FALSE,FALSE,TRUE,TRUE,FALSE,FALSE,"bortezomib"
"362","Cytoplasm_Intensity_IntegratedIntensityEdge_AGP",TRUE,FALSE,FALSE,FALSE,FALSE,FALSE,"bortezomib"
"363","Cytoplasm_Intensity_IntegratedIntensityEdge_DNA",FALSE,FALSE,TRUE,TRUE,FALSE,FALSE,"bortezomib"
"364","Cytoplasm_Intensity_IntegratedIntensityEdge_Mito",TRUE,FALSE,FALSE,FALSE,FALSE,FALSE,"bortezomib"
"365","Cytoplasm_Intensity_IntegratedIntensityEdge_RNA",FALSE,FALSE,FALSE,FALSE,FALSE,TRUE,"bortezomib"
"366","Cytoplasm_Intensity_IntegratedIntensity_AGP",TRUE,FALSE,FALSE,TRUE,FALSE,FALSE,"bortezomib"
"367","Cytoplasm_Intensity_IntegratedIntensity_DNA",FALSE,FALSE,TRUE,TRUE,FALSE,FALSE,"bortezomib"
"368","Cytoplasm_Intensity_IntegratedIntensity_ER",FALSE,FALSE,TRUE,TRUE,FALSE,FALSE,"bortezomib"
"369","Cytoplasm_Intensity_IntegratedIntensity_Mito",TRUE,FALSE,FALSE,TRUE,FALSE,FALSE,"bortezomib"
"370","Cytoplasm_Intensity_IntegratedIntensity_RNA",TRUE,FALSE,FALSE,TRUE,FALSE,FALSE,"bortezomib"
"371","Cytoplasm_Intensity_LowerQuartileIntensity_AGP",FALSE,FALSE,TRUE,TRUE,FALSE,FALSE,"bortezomib"
"372","Cytoplasm_Intensity_LowerQuartileIntensity_Mito",TRUE,FALSE,FALSE,FALSE,FALSE,FALSE,"bortezomib"
"373","Cytoplasm_Intensity_MADIntensity_DNA",FALSE,FALSE,FALSE,TRUE,FALSE,FALSE,"bortezomib"
"374","Cytoplasm_Intensity_MADIntensity_ER",TRUE,FALSE,TRUE,FALSE,FALSE,FALSE,"bortezomib"
"375","Cytoplasm_Intensity_MADIntensity_Mito",TRUE,FALSE,FALSE,FALSE,FALSE,FALSE,"bortezomib"
"376","Cytoplasm_Intensity_MassDisplacement_AGP",TRUE,FALSE,FALSE,TRUE,FALSE,FALSE,"bortezomib"
"377","Cytoplasm_Intensity_MassDisplacement_DNA",FALSE,FALSE,FALSE,TRUE,FALSE,FALSE,"bortezomib"
"378","Cytoplasm_Intensity_MassDisplacement_ER",FALSE,FALSE,FALSE,FALSE,FALSE,TRUE,"bortezomib"
"379","Cytoplasm_Intensity_MassDisplacement_Mito",FALSE,FALSE,FALSE,FALSE,FALSE,TRUE,"bortezomib"
"380","Cytoplasm_Intensity_MassDisplacement_RNA",TRUE,FALSE,FALSE,FALSE,FALSE,FALSE,"bortezomib"
"381","Cytoplasm_Intensity_MaxIntensity_Mito",TRUE,FALSE,TRUE,FALSE,FALSE,FALSE,"bortezomib"
"382","Cytoplasm_Intensity_MeanIntensityEdge_AGP",TRUE,FALSE,FALSE,TRUE,FALSE,FALSE,"bortezomib"
"383","Cytoplasm_Intensity_MeanIntensityEdge_ER",FALSE,FALSE,TRUE,TRUE,FALSE,FALSE,"bortezomib"
"384","Cytoplasm_Intensity_MedianIntensity_AGP",TRUE,FALSE,FALSE,FALSE,FALSE,FALSE,"bortezomib"
"385","Cytoplasm_Intensity_MedianIntensity_Mito",TRUE,FALSE,FALSE,FALSE,FALSE,FALSE,"bortezomib"
"386","Cytoplasm_Intensity_MinIntensityEdge_Mito",TRUE,FALSE,FALSE,FALSE,FALSE,FALSE,"bortezomib"
"387","Cytoplasm_Intensity_MinIntensity_AGP",TRUE,FALSE,TRUE,TRUE,FALSE,FALSE,"bortezomib"
"388","Cytoplasm_Intensity_MinIntensity_ER",TRUE,FALSE,TRUE,FALSE,FALSE,FALSE,"bortezomib"
"389","Cytoplasm_Intensity_MinIntensity_RNA",FALSE,FALSE,TRUE,TRUE,FALSE,FALSE,"bortezomib"
"390","Cytoplasm_Intensity_UpperQuartileIntensity_DNA",FALSE,FALSE,TRUE,TRUE,FALSE,FALSE,"bortezomib"
"391","Cytoplasm_Location_MaxIntensity_X_Mito",TRUE,FALSE,FALSE,FALSE,FALSE,FALSE,"bortezomib"
"392","Cytoplasm_Location_MaxIntensity_Y_DNA",TRUE,FALSE,FALSE,FALSE,FALSE,FALSE,"bortezomib"
"393","Cytoplasm_RadialDistribution_FracAtD_AGP_1of4",TRUE,FALSE,FALSE,TRUE,FALSE,FALSE,"bortezomib"
"394","Cytoplasm_RadialDistribution_FracAtD_AGP_4of4",TRUE,FALSE,FALSE,TRUE,FALSE,FALSE,"bortezomib"
"395","Cytoplasm_RadialDistribution_FracAtD_DNA_1of4",TRUE,FALSE,FALSE,TRUE,FALSE,FALSE,"bortezomib"
"396","Cytoplasm_RadialDistribution_FracAtD_DNA_4of4",TRUE,FALSE,FALSE,TRUE,FALSE,FALSE,"bortezomib"
"397","Cytoplasm_RadialDistribution_FracAtD_Mito_1of4",TRUE,FALSE,FALSE,TRUE,FALSE,FALSE,"bortezomib"
"398","Cytoplasm_RadialDistribution_FracAtD_Mito_3of4",TRUE,FALSE,FALSE,TRUE,FALSE,FALSE,"bortezomib"
"399","Cytoplasm_RadialDistribution_FracAtD_Mito_4of4",TRUE,FALSE,FALSE,TRUE,FALSE,FALSE,"bortezomib"
"400","Cytoplasm_RadialDistribution_FracAtD_RNA_1of4",TRUE,FALSE,FALSE,TRUE,FALSE,FALSE,"bortezomib"
"401","Cytoplasm_RadialDistribution_MeanFrac_AGP_1of4",FALSE,FALSE,FALSE,FALSE,TRUE,FALSE,"bortezomib"
"402","Cytoplasm_RadialDistribution_MeanFrac_AGP_3of4",FALSE,FALSE,FALSE,TRUE,TRUE,FALSE,"bortezomib"
"403","Cytoplasm_RadialDistribution_MeanFrac_AGP_4of4",FALSE,FALSE,FALSE,TRUE,TRUE,FALSE,"bortezomib"
"404","Cytoplasm_RadialDistribution_MeanFrac_DNA_2of4",TRUE,FALSE,FALSE,TRUE,FALSE,FALSE,"bortezomib"
"405","Cytoplasm_RadialDistribution_MeanFrac_DNA_4of4",TRUE,FALSE,FALSE,TRUE,FALSE,FALSE,"bortezomib"
"406","Cytoplasm_RadialDistribution_MeanFrac_ER_1of4",FALSE,FALSE,FALSE,FALSE,TRUE,FALSE,"bortezomib"
"407","Cytoplasm_RadialDistribution_MeanFrac_ER_3of4",FALSE,FALSE,FALSE,TRUE,TRUE,FALSE,"bortezomib"
"408","Cytoplasm_RadialDistribution_MeanFrac_ER_4of4",FALSE,FALSE,FALSE,FALSE,TRUE,FALSE,"bortezomib"
"409","Cytoplasm_RadialDistribution_MeanFrac_Mito_1of4",FALSE,FALSE,FALSE,TRUE,FALSE,FALSE,"bortezomib"
"410","Cytoplasm_RadialDistribution_MeanFrac_Mito_3of4",FALSE,FALSE,FALSE,FALSE,FALSE,TRUE,"bortezomib"
"411","Cytoplasm_RadialDistribution_MeanFrac_Mito_4of4",FALSE,FALSE,FALSE,FALSE,TRUE,FALSE,"bortezomib"
"412","Cytoplasm_RadialDistribution_MeanFrac_RNA_1of4",FALSE,FALSE,FALSE,FALSE,TRUE,FALSE,"bortezomib"
"413","Cytoplasm_RadialDistribution_MeanFrac_RNA_4of4",FALSE,FALSE,FALSE,FALSE,TRUE,FALSE,"bortezomib"
"414","Cytoplasm_RadialDistribution_RadialCV_AGP_1of4",FALSE,FALSE,TRUE,TRUE,FALSE,FALSE,"bortezomib"
"415","Cytoplasm_RadialDistribution_RadialCV_DNA_1of4",FALSE,FALSE,TRUE,TRUE,FALSE,FALSE,"bortezomib"
"416","Cytoplasm_RadialDistribution_RadialCV_DNA_4of4",TRUE,FALSE,TRUE,TRUE,FALSE,FALSE,"bortezomib"
"417","Cytoplasm_RadialDistribution_RadialCV_ER_1of4",FALSE,FALSE,FALSE,TRUE,FALSE,FALSE,"bortezomib"
"418","Cytoplasm_RadialDistribution_RadialCV_ER_4of4",TRUE,FALSE,TRUE,TRUE,FALSE,FALSE,"bortezomib"
"419","Cytoplasm_RadialDistribution_RadialCV_Mito_1of4",FALSE,FALSE,TRUE,TRUE,FALSE,FALSE,"bortezomib"
"420","Cytoplasm_RadialDistribution_RadialCV_Mito_4of4",TRUE,FALSE,TRUE,TRUE,FALSE,FALSE,"bortezomib"
"421","Cytoplasm_RadialDistribution_RadialCV_RNA_1of4",FALSE,FALSE,FALSE,TRUE,FALSE,FALSE,"bortezomib"
"422","Cytoplasm_RadialDistribution_RadialCV_RNA_4of4",FALSE,FALSE,TRUE,TRUE,FALSE,FALSE,"bortezomib"
"423","Cytoplasm_Texture_AngularSecondMoment_AGP_20_01",FALSE,FALSE,TRUE,TRUE,FALSE,FALSE,"bortezomib"
"424","Cytoplasm_Texture_AngularSecondMoment_DNA_5_00",TRUE,FALSE,FALSE,TRUE,FALSE,FALSE,"bortezomib"
"425","Cytoplasm_Texture_AngularSecondMoment_ER_20_00",TRUE,FALSE,FALSE,TRUE,FALSE,FALSE,"bortezomib"
"426","Cytoplasm_Texture_AngularSecondMoment_ER_5_00",TRUE,FALSE,TRUE,TRUE,FALSE,FALSE,"bortezomib"
"427","Cytoplasm_Texture_AngularSecondMoment_Mito_20_00",FALSE,FALSE,FALSE,TRUE,FALSE,FALSE,"bortezomib"
"428","Cytoplasm_Texture_AngularSecondMoment_Mito_5_02",FALSE,FALSE,FALSE,FALSE,FALSE,TRUE,"bortezomib"
"429","Cytoplasm_Texture_AngularSecondMoment_RNA_20_00",TRUE,FALSE,FALSE,TRUE,FALSE,FALSE,"bortezomib"
"430","Cytoplasm_Texture_Contrast_DNA_20_03",FALSE,FALSE,FALSE,TRUE,FALSE,FALSE,"bortezomib"
"431","Cytoplasm_Texture_Correlation_AGP_10_01",FALSE,FALSE,TRUE,TRUE,FALSE,FALSE,"bortezomib"
"432","Cytoplasm_Texture_Correlation_AGP_10_02",FALSE,FALSE,TRUE,TRUE,FALSE,FALSE,"bortezomib"
"433","Cytoplasm_Texture_Correlation_AGP_10_03",FALSE,FALSE,TRUE,TRUE,FALSE,FALSE,"bortezomib"
"434","Cytoplasm_Texture_Correlation_AGP_20_00",FALSE,FALSE,FALSE,TRUE,FALSE,FALSE,"bortezomib"
"435","Cytoplasm_Texture_Correlation_AGP_20_01",TRUE,FALSE,FALSE,TRUE,FALSE,FALSE,"bortezomib"
"436","Cytoplasm_Texture_Correlation_AGP_20_02",TRUE,FALSE,FALSE,TRUE,FALSE,FALSE,"bortezomib"
"437","Cytoplasm_Texture_Correlation_AGP_20_03",TRUE,FALSE,FALSE,TRUE,FALSE,FALSE,"bortezomib"
"438","Cytoplasm_Texture_Correlation_AGP_5_02",FALSE,FALSE,TRUE,TRUE,FALSE,FALSE,"bortezomib"
"439","Cytoplasm_Texture_Correlation_DNA_10_00",FALSE,FALSE,FALSE,TRUE,FALSE,FALSE,"bortezomib"
"440","Cytoplasm_Texture_Correlation_DNA_10_01",FALSE,FALSE,FALSE,TRUE,FALSE,FALSE,"bortezomib"
"441","Cytoplasm_Texture_Correlation_DNA_10_02",FALSE,TRUE,FALSE,TRUE,FALSE,FALSE,"bortezomib"
"442","Cytoplasm_Texture_Correlation_DNA_10_03",FALSE,FALSE,FALSE,TRUE,FALSE,FALSE,"bortezomib"
"443","Cytoplasm_Texture_Correlation_DNA_20_00",FALSE,FALSE,FALSE,TRUE,FALSE,FALSE,"bortezomib"
"444","Cytoplasm_Texture_Correlation_DNA_20_01",TRUE,FALSE,FALSE,TRUE,FALSE,FALSE,"bortezomib"
"445","Cytoplasm_Texture_Correlation_DNA_20_02",TRUE,FALSE,FALSE,TRUE,FALSE,FALSE,"bortezomib"
"446","Cytoplasm_Texture_Correlation_DNA_20_03",TRUE,FALSE,TRUE,TRUE,FALSE,FALSE,"bortezomib"
"447","Cytoplasm_Texture_Correlation_DNA_5_00",FALSE,FALSE,FALSE,TRUE,FALSE,FALSE,"bortezomib"
"448","Cytoplasm_Texture_Correlation_ER_20_00",FALSE,FALSE,FALSE,TRUE,FALSE,FALSE,"bortezomib"
"449","Cytoplasm_Texture_Correlation_ER_20_01",TRUE,FALSE,FALSE,TRUE,FALSE,FALSE,"bortezomib"
"450","Cytoplasm_Texture_Correlation_ER_20_02",FALSE,FALSE,FALSE,TRUE,FALSE,FALSE,"bortezomib"
"451","Cytoplasm_Texture_Correlation_ER_20_03",TRUE,FALSE,FALSE,TRUE,FALSE,FALSE,"bortezomib"
"452","Cytoplasm_Texture_Correlation_Mito_10_01",FALSE,FALSE,TRUE,TRUE,FALSE,FALSE,"bortezomib"
"453","Cytoplasm_Texture_Correlation_Mito_10_03",FALSE,FALSE,TRUE,TRUE,FALSE,FALSE,"bortezomib"
"454","Cytoplasm_Texture_Correlation_Mito_20_00",FALSE,FALSE,FALSE,TRUE,FALSE,FALSE,"bortezomib"
"455","Cytoplasm_Texture_Correlation_Mito_20_01",TRUE,FALSE,FALSE,TRUE,FALSE,FALSE,"bortezomib"
"456","Cytoplasm_Texture_Correlation_Mito_20_02",FALSE,FALSE,FALSE,TRUE,FALSE,FALSE,"bortezomib"
"457","Cytoplasm_Texture_Correlation_Mito_20_03",TRUE,FALSE,FALSE,TRUE,FALSE,FALSE,"bortezomib"
"458","Cytoplasm_Texture_Correlation_Mito_5_02",FALSE,FALSE,TRUE,TRUE,FALSE,FALSE,"bortezomib"
"459","Cytoplasm_Texture_Correlation_RNA_20_00",FALSE,FALSE,FALSE,TRUE,FALSE,FALSE,"bortezomib"
"460","Cytoplasm_Texture_Correlation_RNA_20_01",TRUE,FALSE,FALSE,TRUE,FALSE,FALSE,"bortezomib"
"461","Cytoplasm_Texture_Correlation_RNA_20_02",FALSE,FALSE,FALSE,TRUE,FALSE,FALSE,"bortezomib"
"462","Cytoplasm_Texture_Correlation_RNA_20_03",TRUE,FALSE,FALSE,TRUE,FALSE,FALSE,"bortezomib"
"463","Cytoplasm_Texture_DifferenceEntropy_ER_20_03",TRUE,FALSE,FALSE,TRUE,FALSE,FALSE,"bortezomib"
"464","Cytoplasm_Texture_DifferenceVariance_DNA_20_03",TRUE,FALSE,FALSE,TRUE,FALSE,FALSE,"bortezomib"
"465","Cytoplasm_Texture_DifferenceVariance_ER_20_03",TRUE,FALSE,FALSE,TRUE,FALSE,FALSE,"bortezomib"
"466","Cytoplasm_Texture_DifferenceVariance_Mito_20_01",FALSE,FALSE,TRUE,TRUE,FALSE,FALSE,"bortezomib"
"467","Cytoplasm_Texture_Entropy_AGP_20_01",FALSE,FALSE,TRUE,TRUE,FALSE,FALSE,"bortezomib"
"468","Cytoplasm_Texture_Entropy_ER_20_00",TRUE,FALSE,FALSE,TRUE,FALSE,FALSE,"bortezomib"
"469","Cytoplasm_Texture_Entropy_ER_20_01",TRUE,FALSE,FALSE,TRUE,FALSE,FALSE,"bortezomib"
"470","Cytoplasm_Texture_Entropy_Mito_20_00",FALSE,FALSE,FALSE,TRUE,FALSE,FALSE,"bortezomib"
"471","Cytoplasm_Texture_Entropy_RNA_20_03",FALSE,FALSE,FALSE,TRUE,FALSE,FALSE,"bortezomib"
"472","Cytoplasm_Texture_InfoMeas1_AGP_10_00",TRUE,FALSE,FALSE,TRUE,FALSE,FALSE,"bortezomib"
"473","Cytoplasm_Texture_InfoMeas1_AGP_5_00",FALSE,FALSE,FALSE,TRUE,FALSE,FALSE,"bortezomib"
"474","Cytoplasm_Texture_InfoMeas1_AGP_5_01",TRUE,FALSE,FALSE,TRUE,FALSE,FALSE,"bortezomib"
"475","Cytoplasm_Texture_InfoMeas1_DNA_10_00",FALSE,FALSE,FALSE,TRUE,FALSE,FALSE,"bortezomib"
"476","Cytoplasm_Texture_InfoMeas1_DNA_20_02",FALSE,FALSE,FALSE,TRUE,FALSE,FALSE,"bortezomib"
"477","Cytoplasm_Texture_InfoMeas1_DNA_5_02",FALSE,TRUE,TRUE,TRUE,FALSE,FALSE,"bortezomib"
"478","Cytoplasm_Texture_InfoMeas1_DNA_5_03",FALSE,FALSE,FALSE,TRUE,FALSE,FALSE,"bortezomib"
"479","Cytoplasm_Texture_InfoMeas1_ER_10_00",FALSE,FALSE,FALSE,TRUE,FALSE,FALSE,"bortezomib"
"480","Cytoplasm_Texture_InfoMeas1_ER_5_03",FALSE,FALSE,FALSE,TRUE,FALSE,FALSE,"bortezomib"
"481","Cytoplasm_Texture_InfoMeas1_Mito_10_00",FALSE,FALSE,FALSE,TRUE,FALSE,FALSE,"bortezomib"
"482","Cytoplasm_Texture_InfoMeas1_Mito_20_01",TRUE,FALSE,FALSE,TRUE,FALSE,FALSE,"bortezomib"
"483","Cytoplasm_Texture_InfoMeas1_Mito_5_00",FALSE,FALSE,FALSE,TRUE,FALSE,FALSE,"bortezomib"
"484","Cytoplasm_Texture_InfoMeas1_Mito_5_01",FALSE,FALSE,FALSE,TRUE,FALSE,FALSE,"bortezomib"
"485","Cytoplasm_Texture_InfoMeas1_RNA_10_02",TRUE,FALSE,FALSE,TRUE,FALSE,FALSE,"bortezomib"
"486","Cytoplasm_Texture_InfoMeas1_RNA_5_00",FALSE,FALSE,TRUE,TRUE,FALSE,FALSE,"bortezomib"
"487","Cytoplasm_Texture_InfoMeas1_RNA_5_03",FALSE,FALSE,FALSE,TRUE,FALSE,FALSE,"bortezomib"
"488","Cytoplasm_Texture_InfoMeas2_AGP_20_01",TRUE,FALSE,FALSE,TRUE,FALSE,FALSE,"bortezomib"
"489","Cytoplasm_Texture_InfoMeas2_AGP_5_00",TRUE,FALSE,FALSE,FALSE,FALSE,FALSE,"bortezomib"
"490","Cytoplasm_Texture_InfoMeas2_DNA_20_03",FALSE,FALSE,FALSE,TRUE,FALSE,FALSE,"bortezomib"
"491","Cytoplasm_Texture_InfoMeas2_DNA_5_02",FALSE,FALSE,TRUE,TRUE,FALSE,FALSE,"bortezomib"
"492","Cytoplasm_Texture_InfoMeas2_DNA_5_03",FALSE,FALSE,FALSE,TRUE,FALSE,FALSE,"bortezomib"
"493","Cytoplasm_Texture_InfoMeas2_ER_5_03",FALSE,FALSE,TRUE,TRUE,FALSE,FALSE,"bortezomib"
"494","Cytoplasm_Texture_InfoMeas2_Mito_20_01",TRUE,FALSE,FALSE,TRUE,FALSE,FALSE,"bortezomib"
"495","Cytoplasm_Texture_InfoMeas2_Mito_5_00",FALSE,FALSE,FALSE,FALSE,FALSE,TRUE,"bortezomib"
"496","Cytoplasm_Texture_InfoMeas2_Mito_5_01",FALSE,FALSE,FALSE,FALSE,FALSE,TRUE,"bortezomib"
"497","Cytoplasm_Texture_InfoMeas2_RNA_5_00",TRUE,FALSE,FALSE,FALSE,FALSE,FALSE,"bortezomib"
"498","Cytoplasm_Texture_InverseDifferenceMoment_AGP_20_01",TRUE,FALSE,FALSE,TRUE,FALSE,FALSE,"bortezomib"
"499","Cytoplasm_Texture_InverseDifferenceMoment_DNA_10_03",TRUE,FALSE,FALSE,TRUE,FALSE,FALSE,"bortezomib"
"500","Cytoplasm_Texture_InverseDifferenceMoment_DNA_20_03",FALSE,FALSE,FALSE,TRUE,FALSE,FALSE,"bortezomib"
"501","Cytoplasm_Texture_InverseDifferenceMoment_ER_10_03",TRUE,FALSE,FALSE,TRUE,FALSE,FALSE,"bortezomib"
"502","Cytoplasm_Texture_InverseDifferenceMoment_ER_20_02",TRUE,FALSE,FALSE,TRUE,FALSE,FALSE,"bortezomib"
"503","Cytoplasm_Texture_InverseDifferenceMoment_ER_20_03",TRUE,FALSE,TRUE,TRUE,FALSE,FALSE,"bortezomib"
"504","Cytoplasm_Texture_InverseDifferenceMoment_Mito_10_03",TRUE,FALSE,FALSE,TRUE,FALSE,FALSE,"bortezomib"
"505","Cytoplasm_Texture_InverseDifferenceMoment_Mito_20_00",TRUE,FALSE,FALSE,TRUE,FALSE,FALSE,"bortezomib"
"506","Cytoplasm_Texture_InverseDifferenceMoment_Mito_20_01",TRUE,FALSE,FALSE,TRUE,FALSE,FALSE,"bortezomib"
"507","Cytoplasm_Texture_InverseDifferenceMoment_Mito_20_02",TRUE,FALSE,FALSE,TRUE,FALSE,FALSE,"bortezomib"
"508","Cytoplasm_Texture_InverseDifferenceMoment_Mito_5_02",FALSE,FALSE,TRUE,TRUE,FALSE,FALSE,"bortezomib"
"509","Cytoplasm_Texture_InverseDifferenceMoment_RNA_20_01",TRUE,FALSE,FALSE,TRUE,FALSE,FALSE,"bortezomib"
"510","Cytoplasm_Texture_SumAverage_Mito_5_00",TRUE,FALSE,FALSE,FALSE,FALSE,FALSE,"bortezomib"
"511","Cytoplasm_Texture_SumAverage_RNA_5_00",TRUE,FALSE,TRUE,FALSE,FALSE,FALSE,"bortezomib"
"512","Cytoplasm_Texture_SumEntropy_DNA_5_02",TRUE,FALSE,FALSE,TRUE,FALSE,FALSE,"bortezomib"
"513","Cytoplasm_Texture_SumEntropy_ER_5_00",TRUE,FALSE,TRUE,TRUE,FALSE,FALSE,"bortezomib"
"514","Cytoplasm_Texture_SumEntropy_Mito_5_00",TRUE,FALSE,FALSE,FALSE,FALSE,FALSE,"bortezomib"
"515","Cytoplasm_Texture_SumEntropy_RNA_5_00",TRUE,FALSE,FALSE,FALSE,FALSE,FALSE,"bortezomib"
"516","Cytoplasm_Texture_SumVariance_DNA_5_02",FALSE,FALSE,FALSE,TRUE,FALSE,FALSE,"bortezomib"
"517","Cytoplasm_Texture_SumVariance_ER_5_00",TRUE,FALSE,FALSE,FALSE,FALSE,FALSE,"bortezomib"
"518","Cytoplasm_Texture_SumVariance_Mito_5_00",TRUE,FALSE,TRUE,FALSE,FALSE,FALSE,"bortezomib"
"519","Nuclei_AreaShape_Compactness",FALSE,FALSE,TRUE,TRUE,FALSE,FALSE,"bortezomib"
"520","Nuclei_AreaShape_Eccentricity",FALSE,FALSE,TRUE,TRUE,FALSE,FALSE,"bortezomib"
"521","Nuclei_AreaShape_Extent",FALSE,FALSE,FALSE,TRUE,FALSE,FALSE,"bortezomib"
"522","Nuclei_AreaShape_FormFactor",FALSE,FALSE,FALSE,TRUE,FALSE,FALSE,"bortezomib"
"523","Nuclei_AreaShape_MaxFeretDiameter",FALSE,FALSE,TRUE,TRUE,FALSE,FALSE,"bortezomib"
"524","Nuclei_AreaShape_MeanRadius",FALSE,FALSE,FALSE,TRUE,FALSE,FALSE,"bortezomib"
"525","Nuclei_AreaShape_MedianRadius",FALSE,FALSE,FALSE,TRUE,FALSE,FALSE,"bortezomib"
"526","Nuclei_AreaShape_Orientation",TRUE,FALSE,FALSE,FALSE,FALSE,FALSE,"bortezomib"
"527","Nuclei_AreaShape_Solidity",FALSE,FALSE,FALSE,TRUE,FALSE,FALSE,"bortezomib"
"528","Nuclei_AreaShape_Zernike_0_0",FALSE,FALSE,TRUE,TRUE,FALSE,FALSE,"bortezomib"
"529","Nuclei_AreaShape_Zernike_1_1",TRUE,FALSE,TRUE,TRUE,FALSE,FALSE,"bortezomib"
"530","Nuclei_AreaShape_Zernike_2_0",FALSE,FALSE,TRUE,TRUE,FALSE,FALSE,"bortezomib"
"531","Nuclei_AreaShape_Zernike_2_2",TRUE,FALSE,FALSE,TRUE,FALSE,FALSE,"bortezomib"
"532","Nuclei_AreaShape_Zernike_3_1",TRUE,FALSE,FALSE,TRUE,FALSE,FALSE,"bortezomib"
"533","Nuclei_AreaShape_Zernike_3_3",TRUE,FALSE,FALSE,TRUE,FALSE,FALSE,"bortezomib"
"534","Nuclei_AreaShape_Zernike_4_0",FALSE,FALSE,TRUE,TRUE,FALSE,FALSE,"bortezomib"
"535","Nuclei_AreaShape_Zernike_4_2",FALSE,FALSE,TRUE,TRUE,FALSE,FALSE,"bortezomib"
"536","Nuclei_AreaShape_Zernike_4_4",TRUE,FALSE,TRUE,TRUE,FALSE,FALSE,"bortezomib"
"537","Nuclei_AreaShape_Zernike_5_1",TRUE,FALSE,FALSE,TRUE,FALSE,FALSE,"bortezomib"
"538","Nuclei_AreaShape_Zernike_5_3",FALSE,FALSE,FALSE,TRUE,FALSE,FALSE,"bortezomib"
"539","Nuclei_AreaShape_Zernike_5_5",TRUE,FALSE,FALSE,TRUE,FALSE,FALSE,"bortezomib"
"540","Nuclei_AreaShape_Zernike_6_0",FALSE,FALSE,FALSE,FALSE,FALSE,TRUE,"bortezomib"
"541","Nuclei_AreaShape_Zernike_6_2",TRUE,FALSE,FALSE,TRUE,FALSE,FALSE,"bortezomib"
"542","Nuclei_AreaShape_Zernike_6_4",FALSE,FALSE,FALSE,TRUE,FALSE,FALSE,"bortezomib"
"543","Nuclei_AreaShape_Zernike_6_6",TRUE,FALSE,TRUE,TRUE,FALSE,FALSE,"bortezomib"
"544","Nuclei_AreaShape_Zernike_7_1",TRUE,FALSE,FALSE,FALSE,FALSE,FALSE,"bortezomib"
"545","Nuclei_AreaShape_Zernike_7_3",TRUE,FALSE,FALSE,TRUE,FALSE,FALSE,"bortezomib"
"546","Nuclei_AreaShape_Zernike_7_5",FALSE,FALSE,FALSE,TRUE,FALSE,FALSE,"bortezomib"
"547","Nuclei_AreaShape_Zernike_7_7",TRUE,FALSE,FALSE,TRUE,FALSE,FALSE,"bortezomib"
"548","Nuclei_AreaShape_Zernike_8_0",TRUE,FALSE,FALSE,FALSE,FALSE,FALSE,"bortezomib"
"549","Nuclei_AreaShape_Zernike_8_2",TRUE,FALSE,FALSE,TRUE,FALSE,FALSE,"bortezomib"
"550","Nuclei_AreaShape_Zernike_8_4",TRUE,FALSE,TRUE,TRUE,FALSE,FALSE,"bortezomib"
"551","Nuclei_AreaShape_Zernike_8_6",TRUE,FALSE,FALSE,FALSE,FALSE,FALSE,"bortezomib"
"552","Nuclei_AreaShape_Zernike_8_8",FALSE,FALSE,TRUE,TRUE,FALSE,FALSE,"bortezomib"
"553","Nuclei_AreaShape_Zernike_9_1",TRUE,FALSE,FALSE,FALSE,FALSE,FALSE,"bortezomib"
"554","Nuclei_AreaShape_Zernike_9_3",FALSE,FALSE,FALSE,FALSE,FALSE,TRUE,"bortezomib"
"555","Nuclei_AreaShape_Zernike_9_5",TRUE,FALSE,FALSE,FALSE,FALSE,FALSE,"bortezomib"
"556","Nuclei_AreaShape_Zernike_9_7",TRUE,FALSE,FALSE,TRUE,FALSE,FALSE,"bortezomib"
"557","Nuclei_AreaShape_Zernike_9_9",TRUE,FALSE,FALSE,TRUE,FALSE,FALSE,"bortezomib"
"558","Nuclei_Correlation_Correlation_DNA_AGP",FALSE,FALSE,FALSE,TRUE,FALSE,FALSE,"bortezomib"
"559","Nuclei_Correlation_Correlation_DNA_ER",FALSE,FALSE,TRUE,TRUE,FALSE,FALSE,"bortezomib"
"560","Nuclei_Correlation_Correlation_DNA_Mito",FALSE,FALSE,TRUE,TRUE,FALSE,FALSE,"bortezomib"
"561","Nuclei_Correlation_Correlation_DNA_RNA",FALSE,FALSE,TRUE,TRUE,FALSE,FALSE,"bortezomib"
"562","Nuclei_Correlation_Correlation_ER_AGP",TRUE,FALSE,FALSE,FALSE,FALSE,FALSE,"bortezomib"
"563","Nuclei_Correlation_Correlation_ER_RNA",FALSE,FALSE,TRUE,TRUE,FALSE,FALSE,"bortezomib"
"564","Nuclei_Correlation_Correlation_Mito_AGP",TRUE,FALSE,FALSE,TRUE,FALSE,FALSE,"bortezomib"
"565","Nuclei_Correlation_Correlation_Mito_ER",TRUE,FALSE,FALSE,TRUE,FALSE,FALSE,"bortezomib"
"566","Nuclei_Correlation_Correlation_Mito_RNA",FALSE,FALSE,FALSE,TRUE,FALSE,FALSE,"bortezomib"
"567","Nuclei_Correlation_Correlation_RNA_AGP",TRUE,FALSE,FALSE,FALSE,FALSE,FALSE,"bortezomib"
"568","Nuclei_Correlation_K_AGP_RNA",TRUE,FALSE,FALSE,FALSE,FALSE,FALSE,"bortezomib"
"569","Nuclei_Correlation_K_ER_DNA",TRUE,FALSE,FALSE,FALSE,FALSE,FALSE,"bortezomib"
"570","Nuclei_Correlation_K_RNA_AGP",TRUE,FALSE,FALSE,FALSE,FALSE,FALSE,"bortezomib"
"571","Nuclei_Correlation_K_RNA_DNA",TRUE,FALSE,FALSE,FALSE,FALSE,FALSE,"bortezomib"
"572","Nuclei_Correlation_Overlap_DNA_AGP",TRUE,FALSE,TRUE,TRUE,FALSE,FALSE,"bortezomib"
"573","Nuclei_Correlation_Overlap_DNA_ER",FALSE,FALSE,FALSE,TRUE,FALSE,FALSE,"bortezomib"
"574","Nuclei_Correlation_Overlap_DNA_Mito",TRUE,FALSE,TRUE,FALSE,FALSE,FALSE,"bortezomib"
"575","Nuclei_Correlation_Overlap_DNA_RNA",TRUE,FALSE,TRUE,FALSE,FALSE,FALSE,"bortezomib"
"576","Nuclei_Correlation_Overlap_ER_AGP",FALSE,FALSE,TRUE,FALSE,FALSE,FALSE,"bortezomib"
"577","Nuclei_Correlation_Overlap_ER_RNA",TRUE,FALSE,FALSE,TRUE,FALSE,FALSE,"bortezomib"
"578","Nuclei_Correlation_Overlap_RNA_AGP",FALSE,FALSE,TRUE,TRUE,FALSE,FALSE,"bortezomib"
"579","Nuclei_Granularity_10_AGP",FALSE,FALSE,TRUE,TRUE,FALSE,FALSE,"bortezomib"
"580","Nuclei_Granularity_10_DNA",TRUE,FALSE,FALSE,FALSE,FALSE,FALSE,"bortezomib"
"581","Nuclei_Granularity_10_ER",FALSE,FALSE,TRUE,FALSE,FALSE,FALSE,"bortezomib"
"582","Nuclei_Granularity_10_Mito",FALSE,FALSE,TRUE,FALSE,FALSE,FALSE,"bortezomib"
"583","Nuclei_Granularity_10_RNA",FALSE,FALSE,TRUE,TRUE,FALSE,FALSE,"bortezomib"
"584","Nuclei_Granularity_11_AGP",FALSE,FALSE,TRUE,FALSE,FALSE,FALSE,"bortezomib"
"585","Nuclei_Granularity_11_DNA",TRUE,FALSE,FALSE,FALSE,FALSE,FALSE,"bortezomib"
"586","Nuclei_Granularity_11_ER",TRUE,FALSE,TRUE,FALSE,FALSE,FALSE,"bortezomib"
"587","Nuclei_Granularity_11_Mito",TRUE,FALSE,TRUE,FALSE,FALSE,FALSE,"bortezomib"
"588","Nuclei_Granularity_11_RNA",FALSE,FALSE,TRUE,FALSE,FALSE,FALSE,"bortezomib"
"589","Nuclei_Granularity_12_AGP",FALSE,FALSE,TRUE,FALSE,FALSE,FALSE,"bortezomib"
"590","Nuclei_Granularity_12_DNA",TRUE,FALSE,FALSE,FALSE,FALSE,FALSE,"bortezomib"
"591","Nuclei_Granularity_12_ER",TRUE,FALSE,TRUE,FALSE,FALSE,FALSE,"bortezomib"
"592","Nuclei_Granularity_12_Mito",TRUE,FALSE,TRUE,FALSE,FALSE,FALSE,"bortezomib"
"593","Nuclei_Granularity_12_RNA",TRUE,FALSE,TRUE,FALSE,FALSE,FALSE,"bortezomib"
"594","Nuclei_Granularity_13_AGP",TRUE,FALSE,TRUE,FALSE,FALSE,FALSE,"bortezomib"
"595","Nuclei_Granularity_13_DNA",TRUE,FALSE,FALSE,FALSE,FALSE,FALSE,"bortezomib"
"596","Nuclei_Granularity_13_ER",TRUE,FALSE,FALSE,FALSE,FALSE,FALSE,"bortezomib"
"597","Nuclei_Granularity_13_Mito",TRUE,FALSE,FALSE,FALSE,FALSE,FALSE,"bortezomib"
"598","Nuclei_Granularity_13_RNA",TRUE,FALSE,TRUE,FALSE,FALSE,FALSE,"bortezomib"
"599","Nuclei_Granularity_1_AGP",TRUE,FALSE,TRUE,TRUE,FALSE,FALSE,"bortezomib"
"600","Nuclei_Granularity_1_DNA",TRUE,FALSE,TRUE,TRUE,FALSE,FALSE,"bortezomib"
"601","Nuclei_Granularity_1_Mito",TRUE,FALSE,FALSE,TRUE,FALSE,FALSE,"bortezomib"
"602","Nuclei_Granularity_2_DNA",FALSE,FALSE,FALSE,TRUE,FALSE,FALSE,"bortezomib"
"603","Nuclei_Granularity_2_RNA",FALSE,FALSE,FALSE,TRUE,FALSE,FALSE,"bortezomib"
"604","Nuclei_Granularity_3_DNA",FALSE,FALSE,FALSE,TRUE,FALSE,FALSE,"bortezomib"
"605","Nuclei_Granularity_3_RNA",FALSE,FALSE,TRUE,TRUE,FALSE,FALSE,"bortezomib"
"606","Nuclei_Granularity_4_DNA",FALSE,FALSE,FALSE,TRUE,FALSE,FALSE,"bortezomib"
"607","Nuclei_Granularity_5_DNA",FALSE,FALSE,FALSE,TRUE,FALSE,FALSE,"bortezomib"
"608","Nuclei_Granularity_6_DNA",TRUE,FALSE,FALSE,TRUE,FALSE,FALSE,"bortezomib"
"609","Nuclei_Granularity_7_DNA",FALSE,FALSE,FALSE,FALSE,FALSE,TRUE,"bortezomib"
"610","Nuclei_Granularity_8_DNA",TRUE,FALSE,FALSE,FALSE,FALSE,FALSE,"bortezomib"
"611","Nuclei_Granularity_8_Mito",FALSE,FALSE,TRUE,TRUE,FALSE,FALSE,"bortezomib"
"612","Nuclei_Granularity_9_AGP",FALSE,FALSE,TRUE,TRUE,FALSE,FALSE,"bortezomib"
"613","Nuclei_Granularity_9_DNA",TRUE,FALSE,FALSE,FALSE,FALSE,FALSE,"bortezomib"
"614","Nuclei_Granularity_9_ER",FALSE,FALSE,TRUE,TRUE,FALSE,FALSE,"bortezomib"
"615","Nuclei_Granularity_9_Mito",FALSE,FALSE,TRUE,TRUE,FALSE,FALSE,"bortezomib"
"616","Nuclei_Intensity_IntegratedIntensityEdge_AGP",TRUE,FALSE,FALSE,TRUE,FALSE,FALSE,"bortezomib"
"617","Nuclei_Intensity_IntegratedIntensityEdge_DNA",FALSE,FALSE,FALSE,TRUE,FALSE,FALSE,"bortezomib"
"618","Nuclei_Intensity_IntegratedIntensityEdge_ER",FALSE,FALSE,FALSE,TRUE,FALSE,FALSE,"bortezomib"
"619","Nuclei_Intensity_IntegratedIntensityEdge_Mito",TRUE,FALSE,TRUE,FALSE,FALSE,FALSE,"bortezomib"
"620","Nuclei_Intensity_IntegratedIntensityEdge_RNA",TRUE,FALSE,FALSE,FALSE,FALSE,FALSE,"bortezomib"
"621","Nuclei_Intensity_IntegratedIntensity_AGP",TRUE,FALSE,TRUE,FALSE,FALSE,FALSE,"bortezomib"
"622","Nuclei_Intensity_IntegratedIntensity_ER",TRUE,FALSE,FALSE,TRUE,FALSE,FALSE,"bortezomib"
"623","Nuclei_Intensity_IntegratedIntensity_Mito",TRUE,FALSE,TRUE,FALSE,FALSE,FALSE,"bortezomib"
"624","Nuclei_Intensity_IntegratedIntensity_RNA",TRUE,FALSE,FALSE,FALSE,FALSE,FALSE,"bortezomib"
"625","Nuclei_Intensity_LowerQuartileIntensity_DNA",TRUE,FALSE,FALSE,TRUE,FALSE,FALSE,"bortezomib"
"626","Nuclei_Intensity_MassDisplacement_AGP",FALSE,FALSE,TRUE,TRUE,FALSE,FALSE,"bortezomib"
"627","Nuclei_Intensity_MassDisplacement_DNA",FALSE,FALSE,TRUE,TRUE,FALSE,FALSE,"bortezomib"
"628","Nuclei_Intensity_MassDisplacement_ER",TRUE,FALSE,TRUE,TRUE,FALSE,FALSE,"bortezomib"
"629","Nuclei_Intensity_MassDisplacement_Mito",TRUE,FALSE,TRUE,FALSE,FALSE,FALSE,"bortezomib"
"630","Nuclei_Intensity_MassDisplacement_RNA",TRUE,FALSE,TRUE,FALSE,FALSE,FALSE,"bortezomib"
"631","Nuclei_Intensity_MaxIntensityEdge_DNA",FALSE,FALSE,FALSE,TRUE,FALSE,FALSE,"bortezomib"
"632","Nuclei_Intensity_MeanIntensityEdge_AGP",TRUE,FALSE,FALSE,TRUE,FALSE,FALSE,"bortezomib"
"633","Nuclei_Intensity_MeanIntensityEdge_DNA",FALSE,FALSE,FALSE,TRUE,FALSE,FALSE,"bortezomib"
"634","Nuclei_Intensity_MeanIntensityEdge_ER",FALSE,FALSE,FALSE,TRUE,FALSE,FALSE,"bortezomib"
"635","Nuclei_Intensity_MeanIntensityEdge_Mito",TRUE,FALSE,TRUE,TRUE,FALSE,FALSE,"bortezomib"
"636","Nuclei_Intensity_MedianIntensity_DNA",TRUE,FALSE,FALSE,TRUE,FALSE,FALSE,"bortezomib"
"637","Nuclei_Intensity_MinIntensityEdge_AGP",TRUE,FALSE,FALSE,FALSE,FALSE,FALSE,"bortezomib"
"638","Nuclei_Intensity_MinIntensityEdge_Mito",TRUE,FALSE,FALSE,FALSE,FALSE,FALSE,"bortezomib"
"639","Nuclei_Intensity_MinIntensityEdge_RNA",TRUE,FALSE,FALSE,FALSE,FALSE,FALSE,"bortezomib"
"640","Nuclei_Intensity_MinIntensity_DNA",FALSE,FALSE,TRUE,TRUE,FALSE,FALSE,"bortezomib"
"641","Nuclei_Intensity_MinIntensity_ER",FALSE,FALSE,TRUE,TRUE,FALSE,FALSE,"bortezomib"
"642","Nuclei_Intensity_StdIntensityEdge_DNA",FALSE,FALSE,FALSE,TRUE,FALSE,FALSE,"bortezomib"
"643","Nuclei_Neighbors_AngleBetweenNeighbors_2",FALSE,FALSE,TRUE,TRUE,FALSE,FALSE,"bortezomib"
"644","Nuclei_Neighbors_FirstClosestDistance_2",TRUE,FALSE,FALSE,TRUE,FALSE,FALSE,"bortezomib"
"645","Nuclei_Neighbors_PercentTouching_2",FALSE,FALSE,FALSE,TRUE,FALSE,FALSE,"bortezomib"
"646","Nuclei_Neighbors_SecondClosestDistance_2",FALSE,FALSE,TRUE,TRUE,FALSE,FALSE,"bortezomib"
"647","Nuclei_Neighbors_SecondClosestObjectNumber_2",TRUE,FALSE,TRUE,TRUE,FALSE,FALSE,"bortezomib"
"648","Nuclei_RadialDistribution_FracAtD_AGP_1of4",FALSE,FALSE,TRUE,TRUE,FALSE,FALSE,"bortezomib"
"649","Nuclei_RadialDistribution_FracAtD_AGP_3of4",FALSE,FALSE,FALSE,TRUE,FALSE,FALSE,"bortezomib"
"650","Nuclei_RadialDistribution_FracAtD_AGP_4of4",FALSE,FALSE,FALSE,TRUE,FALSE,FALSE,"bortezomib"
"651","Nuclei_RadialDistribution_FracAtD_DNA_1of4",FALSE,FALSE,FALSE,TRUE,FALSE,FALSE,"bortezomib"
"652","Nuclei_RadialDistribution_FracAtD_DNA_3of4",FALSE,FALSE,TRUE,TRUE,FALSE,FALSE,"bortezomib"
"653","Nuclei_RadialDistribution_FracAtD_DNA_4of4",FALSE,FALSE,TRUE,TRUE,FALSE,FALSE,"bortezomib"
"654","Nuclei_RadialDistribution_FracAtD_ER_1of4",FALSE,FALSE,FALSE,TRUE,FALSE,FALSE,"bortezomib"
"655","Nuclei_RadialDistribution_FracAtD_ER_2of4",FALSE,FALSE,FALSE,TRUE,FALSE,FALSE,"bortezomib"
"656","Nuclei_RadialDistribution_FracAtD_ER_4of4",FALSE,FALSE,FALSE,TRUE,FALSE,FALSE,"bortezomib"
"657","Nuclei_RadialDistribution_FracAtD_Mito_1of4",FALSE,FALSE,FALSE,TRUE,FALSE,FALSE,"bortezomib"
"658","Nuclei_RadialDistribution_FracAtD_Mito_2of4",FALSE,FALSE,FALSE,TRUE,FALSE,FALSE,"bortezomib"
"659","Nuclei_RadialDistribution_FracAtD_Mito_3of4",FALSE,FALSE,TRUE,TRUE,FALSE,FALSE,"bortezomib"
"660","Nuclei_RadialDistribution_FracAtD_Mito_4of4",FALSE,FALSE,FALSE,TRUE,FALSE,FALSE,"bortezomib"
"661","Nuclei_RadialDistribution_FracAtD_RNA_1of4",FALSE,FALSE,FALSE,TRUE,FALSE,FALSE,"bortezomib"
"662","Nuclei_RadialDistribution_FracAtD_RNA_2of4",FALSE,FALSE,FALSE,TRUE,FALSE,FALSE,"bortezomib"
"663","Nuclei_RadialDistribution_FracAtD_RNA_4of4",FALSE,FALSE,FALSE,TRUE,FALSE,FALSE,"bortezomib"
"664","Nuclei_RadialDistribution_MeanFrac_AGP_1of4",FALSE,FALSE,FALSE,FALSE,FALSE,TRUE,"bortezomib"
"665","Nuclei_RadialDistribution_MeanFrac_AGP_2of4",FALSE,FALSE,FALSE,FALSE,FALSE,TRUE,"bortezomib"
"666","Nuclei_RadialDistribution_MeanFrac_AGP_3of4",FALSE,FALSE,TRUE,TRUE,FALSE,FALSE,"bortezomib"
"667","Nuclei_RadialDistribution_MeanFrac_AGP_4of4",FALSE,FALSE,TRUE,TRUE,FALSE,FALSE,"bortezomib"
"668","Nuclei_RadialDistribution_MeanFrac_DNA_1of4",TRUE,FALSE,TRUE,TRUE,FALSE,FALSE,"bortezomib"
"669","Nuclei_RadialDistribution_MeanFrac_DNA_3of4",FALSE,FALSE,TRUE,TRUE,FALSE,FALSE,"bortezomib"
"670","Nuclei_RadialDistribution_MeanFrac_ER_1of4",FALSE,FALSE,FALSE,TRUE,FALSE,FALSE,"bortezomib"
"671","Nuclei_RadialDistribution_MeanFrac_ER_2of4",FALSE,FALSE,TRUE,TRUE,FALSE,FALSE,"bortezomib"
"672","Nuclei_RadialDistribution_MeanFrac_ER_3of4",FALSE,FALSE,TRUE,TRUE,FALSE,FALSE,"bortezomib"
"673","Nuclei_RadialDistribution_MeanFrac_ER_4of4",FALSE,FALSE,TRUE,TRUE,FALSE,FALSE,"bortezomib"
"674","Nuclei_RadialDistribution_MeanFrac_Mito_1of4",FALSE,FALSE,FALSE,TRUE,FALSE,FALSE,"bortezomib"
"675","Nuclei_RadialDistribution_MeanFrac_Mito_2of4",FALSE,FALSE,FALSE,TRUE,FALSE,FALSE,"bortezomib"
"676","Nuclei_RadialDistribution_MeanFrac_Mito_4of4",FALSE,FALSE,TRUE,TRUE,FALSE,FALSE,"bortezomib"
"677","Nuclei_RadialDistribution_MeanFrac_RNA_1of4",FALSE,FALSE,FALSE,FALSE,FALSE,TRUE,"bortezomib"
"678","Nuclei_RadialDistribution_MeanFrac_RNA_2of4",FALSE,FALSE,TRUE,TRUE,FALSE,FALSE,"bortezomib"
"679","Nuclei_RadialDistribution_RadialCV_AGP_1of4",FALSE,FALSE,TRUE,FALSE,FALSE,FALSE,"bortezomib"
"680","Nuclei_RadialDistribution_RadialCV_AGP_2of4",FALSE,FALSE,TRUE,TRUE,FALSE,FALSE,"bortezomib"
"681","Nuclei_RadialDistribution_RadialCV_AGP_3of4",FALSE,FALSE,TRUE,TRUE,FALSE,FALSE,"bortezomib"
"682","Nuclei_RadialDistribution_RadialCV_DNA_1of4",TRUE,FALSE,FALSE,FALSE,FALSE,FALSE,"bortezomib"
"683","Nuclei_RadialDistribution_RadialCV_DNA_2of4",TRUE,FALSE,FALSE,TRUE,FALSE,FALSE,"bortezomib"
"684","Nuclei_RadialDistribution_RadialCV_DNA_3of4",TRUE,FALSE,TRUE,TRUE,FALSE,FALSE,"bortezomib"
"685","Nuclei_RadialDistribution_RadialCV_DNA_4of4",TRUE,FALSE,TRUE,TRUE,FALSE,FALSE,"bortezomib"
"686","Nuclei_RadialDistribution_RadialCV_ER_1of4",FALSE,FALSE,FALSE,FALSE,FALSE,TRUE,"bortezomib"
"687","Nuclei_RadialDistribution_RadialCV_ER_2of4",FALSE,FALSE,TRUE,TRUE,FALSE,FALSE,"bortezomib"
"688","Nuclei_RadialDistribution_RadialCV_ER_3of4",FALSE,FALSE,TRUE,TRUE,FALSE,FALSE,"bortezomib"
"689","Nuclei_RadialDistribution_RadialCV_ER_4of4",FALSE,FALSE,TRUE,TRUE,FALSE,FALSE,"bortezomib"
"690","Nuclei_RadialDistribution_RadialCV_Mito_1of4",FALSE,FALSE,TRUE,FALSE,FALSE,FALSE,"bortezomib"
"691","Nuclei_RadialDistribution_RadialCV_Mito_2of4",FALSE,FALSE,TRUE,FALSE,FALSE,FALSE,"bortezomib"
"692","Nuclei_RadialDistribution_RadialCV_Mito_3of4",FALSE,FALSE,TRUE,FALSE,FALSE,FALSE,"bortezomib"
"693","Nuclei_RadialDistribution_RadialCV_Mito_4of4",FALSE,FALSE,TRUE,TRUE,FALSE,FALSE,"bortezomib"
"694","Nuclei_RadialDistribution_RadialCV_RNA_1of4",TRUE,FALSE,FALSE,TRUE,FALSE,FALSE,"bortezomib"
"695","Nuclei_RadialDistribution_RadialCV_RNA_2of4",FALSE,FALSE,FALSE,FALSE,FALSE,TRUE,"bortezomib"
"696","Nuclei_RadialDistribution_RadialCV_RNA_3of4",FALSE,FALSE,TRUE,FALSE,FALSE,FALSE,"bortezomib"
"697","Nuclei_RadialDistribution_RadialCV_RNA_4of4",FALSE,FALSE,TRUE,TRUE,FALSE,FALSE,"bortezomib"
"698","Nuclei_Texture_AngularSecondMoment_AGP_20_01",FALSE,FALSE,TRUE,TRUE,FALSE,FALSE,"bortezomib"
"699","Nuclei_Texture_AngularSecondMoment_DNA_20_03",FALSE,FALSE,TRUE,FALSE,FALSE,FALSE,"bortezomib"
"700","Nuclei_Texture_AngularSecondMoment_ER_20_02",FALSE,FALSE,FALSE,TRUE,FALSE,FALSE,"bortezomib"
"701","Nuclei_Texture_AngularSecondMoment_ER_20_03",TRUE,FALSE,TRUE,TRUE,FALSE,FALSE,"bortezomib"
"702","Nuclei_Texture_AngularSecondMoment_Mito_20_01",TRUE,FALSE,TRUE,TRUE,FALSE,FALSE,"bortezomib"
"703","Nuclei_Texture_AngularSecondMoment_RNA_20_03",TRUE,FALSE,TRUE,TRUE,FALSE,FALSE,"bortezomib"
"704","Nuclei_Texture_Contrast_Mito_5_02",FALSE,FALSE,TRUE,FALSE,FALSE,FALSE,"bortezomib"
"705","Nuclei_Texture_Correlation_AGP_10_00",TRUE,FALSE,FALSE,FALSE,FALSE,FALSE,"bortezomib"
"706","Nuclei_Texture_Correlation_AGP_10_01",TRUE,FALSE,FALSE,FALSE,FALSE,FALSE,"bortezomib"
"707","Nuclei_Texture_Correlation_AGP_10_02",TRUE,FALSE,FALSE,FALSE,FALSE,FALSE,"bortezomib"
"708","Nuclei_Texture_Correlation_AGP_10_03",TRUE,FALSE,FALSE,FALSE,FALSE,FALSE,"bortezomib"
"709","Nuclei_Texture_Correlation_AGP_20_00",FALSE,FALSE,FALSE,TRUE,FALSE,FALSE,"bortezomib"
"710","Nuclei_Texture_Correlation_AGP_20_01",FALSE,FALSE,FALSE,TRUE,FALSE,FALSE,"bortezomib"
"711","Nuclei_Texture_Correlation_AGP_20_02",FALSE,FALSE,FALSE,TRUE,FALSE,FALSE,"bortezomib"
"712","Nuclei_Texture_Correlation_AGP_20_03",FALSE,FALSE,FALSE,TRUE,FALSE,FALSE,"bortezomib"
"713","Nuclei_Texture_Correlation_AGP_5_00",TRUE,FALSE,FALSE,FALSE,FALSE,FALSE,"bortezomib"
"714","Nuclei_Texture_Correlation_AGP_5_01",TRUE,FALSE,FALSE,FALSE,FALSE,FALSE,"bortezomib"
"715","Nuclei_Texture_Correlation_AGP_5_02",TRUE,FALSE,FALSE,TRUE,FALSE,FALSE,"bortezomib"
"716","Nuclei_Texture_Correlation_AGP_5_03",TRUE,FALSE,FALSE,FALSE,FALSE,FALSE,"bortezomib"
"717","Nuclei_Texture_Correlation_DNA_10_00",FALSE,FALSE,FALSE,FALSE,FALSE,TRUE,"bortezomib"
"718","Nuclei_Texture_Correlation_DNA_10_01",FALSE,FALSE,FALSE,TRUE,FALSE,FALSE,"bortezomib"
"719","Nuclei_Texture_Correlation_DNA_10_02",FALSE,FALSE,FALSE,FALSE,FALSE,TRUE,"bortezomib"
"720","Nuclei_Texture_Correlation_DNA_10_03",FALSE,FALSE,FALSE,TRUE,FALSE,FALSE,"bortezomib"
"721","Nuclei_Texture_Correlation_DNA_20_00",FALSE,FALSE,FALSE,TRUE,FALSE,FALSE,"bortezomib"
"722","Nuclei_Texture_Correlation_DNA_20_01",TRUE,FALSE,FALSE,TRUE,FALSE,FALSE,"bortezomib"
"723","Nuclei_Texture_Correlation_DNA_20_02",FALSE,FALSE,FALSE,TRUE,FALSE,FALSE,"bortezomib"
"724","Nuclei_Texture_Correlation_DNA_20_03",FALSE,FALSE,FALSE,TRUE,FALSE,FALSE,"bortezomib"
"725","Nuclei_Texture_Correlation_DNA_5_00",FALSE,FALSE,FALSE,FALSE,FALSE,TRUE,"bortezomib"
"726","Nuclei_Texture_Correlation_ER_10_00",TRUE,FALSE,FALSE,FALSE,FALSE,FALSE,"bortezomib"
"727","Nuclei_Texture_Correlation_ER_10_01",TRUE,FALSE,FALSE,FALSE,FALSE,FALSE,"bortezomib"
"728","Nuclei_Texture_Correlation_ER_10_02",TRUE,FALSE,FALSE,FALSE,FALSE,FALSE,"bortezomib"
"729","Nuclei_Texture_Correlation_ER_10_03",TRUE,FALSE,FALSE,FALSE,FALSE,FALSE,"bortezomib"
"730","Nuclei_Texture_Correlation_ER_20_00",FALSE,FALSE,FALSE,TRUE,FALSE,FALSE,"bortezomib"
"731","Nuclei_Texture_Correlation_ER_20_01",FALSE,FALSE,FALSE,TRUE,FALSE,FALSE,"bortezomib"
"732","Nuclei_Texture_Correlation_ER_20_02",FALSE,FALSE,FALSE,TRUE,FALSE,FALSE,"bortezomib"
"733","Nuclei_Texture_Correlation_ER_20_03",FALSE,FALSE,FALSE,TRUE,FALSE,FALSE,"bortezomib"
"734","Nuclei_Texture_Correlation_ER_5_00",TRUE,FALSE,FALSE,FALSE,FALSE,FALSE,"bortezomib"
"735","Nuclei_Texture_Correlation_ER_5_01",TRUE,FALSE,FALSE,FALSE,FALSE,FALSE,"bortezomib"
"736","Nuclei_Texture_Correlation_ER_5_02",TRUE,FALSE,FALSE,FALSE,FALSE,FALSE,"bortezomib"
"737","Nuclei_Texture_Correlation_ER_5_03",TRUE,FALSE,FALSE,FALSE,FALSE,FALSE,"bortezomib"
"738","Nuclei_Texture_Correlation_Mito_10_00",FALSE,FALSE,FALSE,FALSE,FALSE,TRUE,"bortezomib"
"739","Nuclei_Texture_Correlation_Mito_10_01",FALSE,FALSE,FALSE,FALSE,FALSE,TRUE,"bortezomib"
"740","Nuclei_Texture_Correlation_Mito_10_02",FALSE,FALSE,FALSE,FALSE,FALSE,TRUE,"bortezomib"
"741","Nuclei_Texture_Correlation_Mito_10_03",FALSE,FALSE,FALSE,FALSE,FALSE,TRUE,"bortezomib"
"742","Nuclei_Texture_Correlation_Mito_20_00",FALSE,FALSE,FALSE,TRUE,FALSE,FALSE,"bortezomib"
"743","Nuclei_Texture_Correlation_Mito_20_01",FALSE,FALSE,FALSE,TRUE,FALSE,FALSE,"bortezomib"
"744","Nuclei_Texture_Correlation_Mito_20_02",FALSE,FALSE,FALSE,TRUE,FALSE,FALSE,"bortezomib"
"745","Nuclei_Texture_Correlation_Mito_20_03",FALSE,FALSE,FALSE,TRUE,FALSE,FALSE,"bortezomib"
"746","Nuclei_Texture_Correlation_Mito_5_03",TRUE,FALSE,FALSE,FALSE,FALSE,FALSE,"bortezomib"
"747","Nuclei_Texture_Correlation_RNA_10_00",TRUE,FALSE,FALSE,FALSE,FALSE,FALSE,"bortezomib"
"748","Nuclei_Texture_Correlation_RNA_10_01",FALSE,FALSE,FALSE,FALSE,FALSE,TRUE,"bortezomib"
"749","Nuclei_Texture_Correlation_RNA_10_02",TRUE,FALSE,FALSE,FALSE,FALSE,FALSE,"bortezomib"
"750","Nuclei_Texture_Correlation_RNA_10_03",FALSE,FALSE,FALSE,FALSE,FALSE,TRUE,"bortezomib"
"751","Nuclei_Texture_Correlation_RNA_20_00",FALSE,FALSE,FALSE,TRUE,FALSE,FALSE,"bortezomib"
"752","Nuclei_Texture_Correlation_RNA_20_01",FALSE,FALSE,FALSE,TRUE,FALSE,FALSE,"bortezomib"
"753","Nuclei_Texture_Correlation_RNA_20_02",FALSE,FALSE,FALSE,TRUE,FALSE,FALSE,"bortezomib"
"754","Nuclei_Texture_Correlation_RNA_20_03",FALSE,FALSE,FALSE,TRUE,FALSE,FALSE,"bortezomib"
"755","Nuclei_Texture_Correlation_RNA_5_00",TRUE,FALSE,FALSE,FALSE,FALSE,FALSE,"bortezomib"
"756","Nuclei_Texture_Correlation_RNA_5_01",TRUE,FALSE,FALSE,FALSE,FALSE,FALSE,"bortezomib"
"757","Nuclei_Texture_Correlation_RNA_5_02",TRUE,FALSE,FALSE,FALSE,FALSE,FALSE,"bortezomib"
"758","Nuclei_Texture_Correlation_RNA_5_03",TRUE,FALSE,FALSE,FALSE,FALSE,FALSE,"bortezomib"
"759","Nuclei_Texture_DifferenceVariance_DNA_20_03",TRUE,FALSE,TRUE,TRUE,FALSE,FALSE,"bortezomib"
"760","Nuclei_Texture_Entropy_AGP_20_01",FALSE,FALSE,TRUE,TRUE,FALSE,FALSE,"bortezomib"
"761","Nuclei_Texture_Entropy_DNA_20_03",FALSE,FALSE,TRUE,FALSE,FALSE,FALSE,"bortezomib"
"762","Nuclei_Texture_Entropy_ER_20_03",TRUE,FALSE,TRUE,TRUE,FALSE,FALSE,"bortezomib"
"763","Nuclei_Texture_Entropy_Mito_20_01",TRUE,FALSE,TRUE,TRUE,FALSE,FALSE,"bortezomib"
"764","Nuclei_Texture_Entropy_RNA_20_03",TRUE,FALSE,FALSE,TRUE,FALSE,FALSE,"bortezomib"
"765","Nuclei_Texture_InfoMeas1_AGP_5_00",FALSE,FALSE,FALSE,TRUE,FALSE,FALSE,"bortezomib"
"766","Nuclei_Texture_InfoMeas1_AGP_5_01",FALSE,FALSE,TRUE,TRUE,FALSE,FALSE,"bortezomib"
"767","Nuclei_Texture_InfoMeas1_DNA_5_02",TRUE,FALSE,TRUE,TRUE,FALSE,FALSE,"bortezomib"
"768","Nuclei_Texture_InfoMeas1_ER_20_01",FALSE,FALSE,FALSE,TRUE,FALSE,FALSE,"bortezomib"
"769","Nuclei_Texture_InfoMeas1_ER_5_00",FALSE,FALSE,FALSE,TRUE,FALSE,FALSE,"bortezomib"
"770","Nuclei_Texture_InfoMeas1_Mito_5_00",TRUE,FALSE,FALSE,FALSE,FALSE,FALSE,"bortezomib"
"771","Nuclei_Texture_InfoMeas1_RNA_5_00",FALSE,FALSE,FALSE,FALSE,FALSE,TRUE,"bortezomib"
"772","Nuclei_Texture_InfoMeas1_RNA_5_01",FALSE,FALSE,FALSE,TRUE,FALSE,FALSE,"bortezomib"
"773","Nuclei_Texture_InfoMeas2_AGP_5_02",FALSE,FALSE,TRUE,TRUE,FALSE,FALSE,"bortezomib"
"774","Nuclei_Texture_InfoMeas2_DNA_5_02",TRUE,FALSE,TRUE,TRUE,FALSE,FALSE,"bortezomib"
"775","Nuclei_Texture_InfoMeas2_ER_20_01",FALSE,FALSE,FALSE,TRUE,FALSE,FALSE,"bortezomib"
"776","Nuclei_Texture_InfoMeas2_ER_5_00",FALSE,FALSE,FALSE,TRUE,FALSE,FALSE,"bortezomib"
"777","Nuclei_Texture_InfoMeas2_RNA_5_00",FALSE,FALSE,FALSE,TRUE,FALSE,FALSE,"bortezomib"
"778","Nuclei_Texture_InverseDifferenceMoment_ER_20_01",FALSE,FALSE,FALSE,TRUE,FALSE,FALSE,"bortezomib"
"779","Nuclei_Texture_InverseDifferenceMoment_RNA_20_01",FALSE,FALSE,FALSE,TRUE,FALSE,FALSE,"bortezomib"
"780","Nuclei_Texture_SumAverage_DNA_20_03",FALSE,FALSE,FALSE,TRUE,FALSE,FALSE,"bortezomib"
"781","Nuclei_Texture_SumEntropy_DNA_20_03",TRUE,FALSE,TRUE,TRUE,FALSE,FALSE,"bortezomib"
"782","Nuclei_Texture_SumVariance_RNA_20_03",TRUE,FALSE,FALSE,TRUE,FALSE,FALSE,"bortezomib"
